-- --------------------------------------------------------
-- 主机:                           127.0.0.1
-- 服务器版本:                        5.5.21 - MySQL Community Server (GPL)
-- 服务器操作系统:                      Win64
-- HeidiSQL 版本:                  8.3.0.4694
-- --------------------------------------------------------

/*!40101 SET @OLD_CHARACTER_SET_CLIENT=@@CHARACTER_SET_CLIENT */;
/*!40101 SET NAMES utf8 */;
/*!40014 SET @OLD_FOREIGN_KEY_CHECKS=@@FOREIGN_KEY_CHECKS, FOREIGN_KEY_CHECKS=0 */;
/*!40101 SET @OLD_SQL_MODE=@@SQL_MODE, SQL_MODE='NO_AUTO_VALUE_ON_ZERO' */;

-- 导出 clubassembly 的数据库结构
CREATE DATABASE IF NOT EXISTS `clubassembly` /*!40100 DEFAULT CHARACTER SET utf8 */;
USE `clubassembly`;


-- 导出  表 clubassembly.admin 结构
CREATE TABLE IF NOT EXISTS `admin` (
  `id` int(11) NOT NULL AUTO_INCREMENT,
  `email` varchar(20) DEFAULT NULL,
  `name` varchar(20) DEFAULT NULL,
  `password` varchar(50) DEFAULT NULL,
  `registerTime` datetime DEFAULT NULL,
  `salt` varchar(50) DEFAULT NULL,
  `telephone` varchar(11) DEFAULT NULL,
  PRIMARY KEY (`id`),
  UNIQUE KEY `email` (`email`)
) ENGINE=InnoDB AUTO_INCREMENT=9 DEFAULT CHARSET=utf8;

-- 正在导出表  clubassembly.admin 的数据：~4 rows (大约)
/*!40000 ALTER TABLE `admin` DISABLE KEYS */;
INSERT INTO `admin` (`id`, `email`, `name`, `password`, `registerTime`, `salt`, `telephone`) VALUES
	(5, '641041018@qq.com', '陈志兵', 'dc110fc0822180b8d1d50ea0f2677ce6', '2015-05-08 11:37:17', '04b821eaf71116f8a1cc35f4b584b8a3', '18233158677'),
	(6, '3195903852@qq.com', '刘行', 'e3ae946edcc4f78412afc19dbab5d6c8', NULL, 'a122db4d711cb68090d9d969df1e836d', '18233158677'),
	(7, '781669723@qq.com', '杜亚鹏', 'daef0d40a84498a6ec1e8d427466c66d', NULL, 'fd245880285967bc2389dd113c565201', '18231195573'),
	(8, '49925980@qq.com', '冯猛', '9bf0a43b283a389cc394e10f8b40aeb5', NULL, 'c14107aff506751f9dfec9f9a7d7ce79', '18233158677');
/*!40000 ALTER TABLE `admin` ENABLE KEYS */;


-- 导出  表 clubassembly.admin_role 结构
CREATE TABLE IF NOT EXISTS `admin_role` (
  `admin_id` int(11) NOT NULL,
  `role_id` int(11) NOT NULL,
  PRIMARY KEY (`admin_id`,`role_id`),
  KEY `FK2902EF661D0E64B1` (`role_id`),
  KEY `FK2902EF6659E50383` (`admin_id`),
  CONSTRAINT `FK2902EF661D0E64B1` FOREIGN KEY (`role_id`) REFERENCES `role` (`id`),
  CONSTRAINT `FK2902EF6659E50383` FOREIGN KEY (`admin_id`) REFERENCES `admin` (`id`)
) ENGINE=InnoDB DEFAULT CHARSET=utf8;

-- 正在导出表  clubassembly.admin_role 的数据：~9 rows (大约)
/*!40000 ALTER TABLE `admin_role` DISABLE KEYS */;
INSERT INTO `admin_role` (`admin_id`, `role_id`) VALUES
	(5, 2),
	(8, 2),
	(5, 3),
	(6, 3),
	(7, 3),
	(8, 3),
	(5, 4),
	(7, 4),
	(8, 4);
/*!40000 ALTER TABLE `admin_role` ENABLE KEYS */;


-- 导出  表 clubassembly.city_info 结构
CREATE TABLE IF NOT EXISTS `city_info` (
  `ci_id` int(11) NOT NULL AUTO_INCREMENT,
  `ci_city` varchar(32) DEFAULT NULL,
  `ci_province` int(11) DEFAULT NULL,
  PRIMARY KEY (`ci_id`),
  KEY `FKBE0BAF02BAC12950` (`ci_province`),
  CONSTRAINT `FKBE0BAF02BAC12950` FOREIGN KEY (`ci_province`) REFERENCES `province_info` (`pr_id`)
) ENGINE=InnoDB AUTO_INCREMENT=329 DEFAULT CHARSET=utf8;

-- 正在导出表  clubassembly.city_info 的数据：~327 rows (大约)
/*!40000 ALTER TABLE `city_info` DISABLE KEYS */;
INSERT INTO `city_info` (`ci_id`, `ci_city`, `ci_province`) VALUES
	(1, '北京市', 1),
	(2, '上海市', 2),
	(3, '天津市', 3),
	(4, '重庆市', 4),
	(5, '大庆市', 5),
	(6, '大兴安岭地区', 5),
	(7, '哈尔滨市', 5),
	(8, '鹤岗市', 5),
	(9, '黑河市', 5),
	(10, '鸡西市', 5),
	(11, '佳木斯市', 5),
	(12, '牡丹江市', 5),
	(13, '七台河市', 5),
	(14, '齐齐哈尔市', 5),
	(15, '双鸭山市', 5),
	(16, '绥化市', 5),
	(17, '伊春市', 5),
	(18, '白城市', 6),
	(19, '白山市', 6),
	(20, '吉林市', 6),
	(21, '辽源市', 6),
	(22, '四平市', 6),
	(23, '松原市', 6),
	(24, '通化市', 6),
	(25, '延吉市', 6),
	(26, '长春市', 6),
	(27, '鞍山市', 7),
	(28, '本溪市', 7),
	(29, '朝阳市', 7),
	(30, '大连市', 7),
	(31, '丹东市', 7),
	(32, '抚顺市', 7),
	(33, '阜新市', 7),
	(34, '葫芦岛市', 7),
	(35, '锦州市', 7),
	(36, '辽阳市', 7),
	(37, '盘锦市', 7),
	(38, '沈阳市', 7),
	(39, '铁岭市', 7),
	(40, '营口市', 7),
	(41, '滨州市', 8),
	(42, '德州市', 8),
	(43, '东营市', 8),
	(44, '菏泽市', 8),
	(45, '济南市', 8),
	(46, '济宁市', 8),
	(47, '莱芜市', 8),
	(48, '聊城市', 8),
	(49, '临沂市', 8),
	(50, '青岛市', 8),
	(51, '日照市', 8),
	(52, '泰安市', 8),
	(53, '威海市', 8),
	(54, '潍坊市', 8),
	(55, '烟台市', 8),
	(56, '枣庄市', 8),
	(57, '淄博市', 8),
	(58, '大同市', 9),
	(59, '晋城市', 9),
	(60, '晋中市', 9),
	(61, '临汾市', 9),
	(62, '吕梁市', 9),
	(63, '朔州市', 9),
	(64, '太原市', 9),
	(65, '忻州市', 9),
	(66, '阳泉市', 9),
	(67, '运城市', 9),
	(68, '长治市', 9),
	(69, '安康市', 10),
	(70, '宝鸡市', 10),
	(71, '汉中市', 10),
	(72, '商洛市', 10),
	(73, '铜川市', 10),
	(74, '渭南市', 10),
	(75, '西安市', 10),
	(76, '咸阳市', 10),
	(77, '延安市', 10),
	(78, '榆林市', 10),
	(79, '保定市', 11),
	(80, '沧州市', 11),
	(81, '承德市', 11),
	(82, '邯郸市', 11),
	(83, '衡水市', 11),
	(84, '廊坊市', 11),
	(85, '秦皇岛市', 11),
	(86, '三河市', 11),
	(87, '石家庄市', 11),
	(88, '唐山市', 11),
	(90, '邢台市', 11),
	(91, '张家口市', 11),
	(92, '安阳市', 12),
	(93, '鹤壁市', 12),
	(94, '济源市', 12),
	(95, '焦作市', 12),
	(96, '开封市', 12),
	(97, '洛阳市', 12),
	(98, '漯河市', 12),
	(99, '南阳市', 12),
	(100, '平顶山市', 12),
	(101, '濮阳市', 12),
	(102, '三门峡市', 12),
	(103, '商丘市', 12),
	(104, '新乡市', 12),
	(105, '信阳市', 12),
	(106, '许昌市', 12),
	(107, '郑州市', 12),
	(108, '周口市', 12),
	(109, '驻马店市', 12),
	(110, '鄂州市', 13),
	(111, '恩施市', 13),
	(112, '黄冈市', 13),
	(113, '黄石市', 13),
	(114, '荆门市', 13),
	(115, '荆州市', 13),
	(116, '潜江市', 13),
	(117, '十堰市', 13),
	(118, '随州市', 13),
	(119, '天门市', 13),
	(120, '武汉市', 13),
	(121, '仙桃市', 13),
	(122, '咸宁市', 13),
	(123, '襄阳市', 13),
	(124, '孝感市', 13),
	(125, '宜昌市', 13),
	(126, '常德市', 14),
	(127, '郴州市', 14),
	(128, '衡阳市', 14),
	(129, '怀化市', 14),
	(130, '吉首市', 14),
	(131, '娄底市', 14),
	(132, '邵阳市', 14),
	(133, '湘潭市', 14),
	(134, '益阳市', 14),
	(135, '永州市', 14),
	(136, '岳阳市', 14),
	(137, '张家界市', 14),
	(138, '长沙市', 14),
	(139, '株洲市', 14),
	(140, '海口市', 15),
	(141, '琼海市', 15),
	(142, '三亚市', 15),
	(143, '文昌市', 15),
	(144, '五指山市', 15),
	(145, '常州市', 16),
	(146, '淮安市', 16),
	(147, '连云港市', 16),
	(148, '南京市', 16),
	(149, '南通市', 16),
	(150, '苏州市', 16),
	(151, '泰州市', 16),
	(152, '无锡市', 16),
	(153, '宿迁市', 16),
	(154, '徐州市', 16),
	(155, '盐城市', 16),
	(156, '扬州市', 16),
	(157, '镇江市', 16),
	(158, '抚州市', 17),
	(159, '赣州市', 17),
	(160, '吉安市', 17),
	(161, '景德镇市', 17),
	(162, '九江市', 17),
	(163, '南昌市', 17),
	(164, '萍乡市', 17),
	(165, '上饶市', 17),
	(166, '新余市', 17),
	(167, '宜春市', 17),
	(168, '鹰潭市', 17),
	(169, '潮州市', 18),
	(170, '东莞市', 18),
	(171, '佛山市', 18),
	(172, '广州市', 18),
	(173, '河源市', 18),
	(174, '惠州市', 18),
	(175, '江门市', 18),
	(176, '揭阳市', 18),
	(177, '茂名市', 18),
	(178, '梅州市', 18),
	(179, '清远市', 18),
	(180, '汕头市', 18),
	(181, '汕尾市', 18),
	(182, '韶关市', 18),
	(183, '深圳市', 18),
	(184, '阳江市', 18),
	(185, '云浮市', 18),
	(186, '湛江市', 18),
	(187, '肇庆市', 18),
	(188, '中山市', 18),
	(189, '珠海市', 18),
	(190, '百色市', 19),
	(191, '北海市', 19),
	(192, '崇左市', 19),
	(193, '贵港市', 19),
	(194, '桂林市', 19),
	(195, '河池市', 19),
	(196, '贺州市', 19),
	(197, '柳州市', 19),
	(198, '南宁市', 19),
	(199, '钦州市', 19),
	(200, '梧州市', 19),
	(201, '玉林市', 19),
	(202, '保山市', 20),
	(203, '楚雄市', 20),
	(204, '大理市', 20),
	(205, '德宏州', 20),
	(206, '个旧市', 20),
	(207, '景洪市', 20),
	(208, '昆明市', 20),
	(209, '丽江市', 20),
	(210, '临沧市', 20),
	(211, '蒙自市', 20),
	(212, '普洱市', 20),
	(213, '曲靖市', 20),
	(214, '文山州', 20),
	(215, '玉溪市', 20),
	(216, '昭通市', 20),
	(217, '安顺市', 21),
	(218, '毕节市', 21),
	(219, '都匀市', 21),
	(220, '贵阳市', 21),
	(221, '凯里市', 21),
	(222, '六盘水市', 21),
	(223, '黔南州', 21),
	(224, '铜仁市', 21),
	(225, '兴义市', 21),
	(226, '遵义市', 21),
	(227, '巴中市', 22),
	(228, '成都市', 22),
	(229, '达州市', 22),
	(230, '德阳市', 22),
	(231, '甘孜州', 22),
	(232, '广安市', 22),
	(233, '广汉市', 22),
	(234, '广元市', 22),
	(235, '乐山市', 22),
	(236, '泸州市', 22),
	(237, '眉山市', 22),
	(238, '绵阳市', 22),
	(239, '南充市', 22),
	(240, '内江市', 22),
	(241, '攀枝花市', 22),
	(242, '遂宁市', 22),
	(243, '汶川县', 22),
	(244, '西昌市', 22),
	(245, '雅安市', 22),
	(246, '宜宾市', 22),
	(247, '资阳市', 22),
	(248, '自贡市', 22),
	(249, '阿拉善盟', 23),
	(250, '巴彦淖尔市', 23),
	(251, '包头市', 23),
	(252, '赤峰市', 23),
	(253, '鄂尔多斯市', 23),
	(254, '呼和浩特市', 23),
	(255, '呼伦贝尔市', 23),
	(256, '通辽市', 23),
	(257, '乌海市', 23),
	(258, '乌兰察布市', 23),
	(259, '锡林郭勒盟', 23),
	(260, '兴安盟', 23),
	(261, '固原市', 24),
	(262, '石嘴山市', 24),
	(263, '吴忠市', 24),
	(264, '银川市', 24),
	(265, '白银市', 25),
	(266, '定西市', 25),
	(267, '甘南州', 25),
	(268, '嘉峪关市', 25),
	(269, '金昌市', 25),
	(270, '酒泉市', 25),
	(271, '兰州市', 25),
	(272, '陇南市', 25),
	(273, '平凉市', 25),
	(274, '庆阳市', 25),
	(275, '天水市', 25),
	(276, '武威市', 25),
	(277, '张掖市', 25),
	(278, '西宁市', 26),
	(279, '拉萨市', 27),
	(280, '咸阳市', 27),
	(281, '阿克苏市', 28),
	(282, '阿拉尔市', 28),
	(283, '昌吉市', 28),
	(284, '和田市', 28),
	(285, '喀什地区', 28),
	(286, '克拉玛依市', 28),
	(287, '库尔勒市', 28),
	(288, '奎屯市', 28),
	(289, '石河子市', 28),
	(290, '乌鲁木齐市', 28),
	(291, '伊犁州', 28),
	(292, '伊宁市', 28),
	(293, '安庆市', 29),
	(294, '蚌埠市', 29),
	(295, '亳州市', 29),
	(296, '池州市', 29),
	(297, '滁州市', 29),
	(298, '阜阳市', 29),
	(299, '合肥市', 29),
	(300, '淮北市', 29),
	(301, '淮南市', 29),
	(302, '黄山市', 29),
	(303, '六安市', 29),
	(304, '马鞍山市', 29),
	(305, '铜陵市', 29),
	(306, '芜湖市', 29),
	(307, '宿州市', 29),
	(308, '宣城市', 29),
	(309, '杭州市', 30),
	(310, '湖州市', 30),
	(311, '嘉兴市', 30),
	(312, '金华市', 30),
	(313, '丽水市', 30),
	(314, '宁波市', 30),
	(315, '衢州市', 30),
	(316, '绍兴市', 30),
	(317, '台州市', 30),
	(318, '温州市', 30),
	(319, '舟山市', 30),
	(320, '福州市', 31),
	(321, '龙岩市', 31),
	(322, '南平市', 31),
	(323, '宁德市', 31),
	(324, '莆田市', 31),
	(325, '泉州市', 31),
	(326, '三明市', 31),
	(327, '厦门市', 31),
	(328, '漳州市', 31);
/*!40000 ALTER TABLE `city_info` ENABLE KEYS */;


-- 导出  表 clubassembly.department 结构
CREATE TABLE IF NOT EXISTS `department` (
  `id` int(11) NOT NULL AUTO_INCREMENT,
  `maxnumbers` int(11) DEFAULT NULL,
  `organizationid` int(11) DEFAULT NULL,
  `department` varchar(20) DEFAULT NULL,
  `isopen` tinyint(1) DEFAULT NULL,
  PRIMARY KEY (`id`),
  KEY `FK328E4352F9880E78` (`organizationid`),
  CONSTRAINT `FK328E4352F9880E78` FOREIGN KEY (`organizationid`) REFERENCES `organization` (`id`)
) ENGINE=InnoDB AUTO_INCREMENT=38 DEFAULT CHARSET=utf8;

-- 正在导出表  clubassembly.department 的数据：~32 rows (大约)
/*!40000 ALTER TABLE `department` DISABLE KEYS */;
INSERT INTO `department` (`id`, `maxnumbers`, `organizationid`, `department`, `isopen`) VALUES
	(6, 6, 13, '办公室部', 1),
	(7, 8, 13, '外联部', 1),
	(8, 0, 13, '宣传部', 1),
	(9, 5, 7, '办公室部', 1),
	(10, 6, 7, '生活部', 1),
	(11, 7, 7, '学习部', 1),
	(12, 9, 7, '人事部', 1),
	(13, 15, 8, '办公室部', 1),
	(14, 6, 8, '生活部', 1),
	(15, 7, 8, '人事部', 1),
	(16, 10, 9, '学习部', 1),
	(17, 5, 9, '办公室部', 1),
	(18, 6, 9, '外交部', 1),
	(19, 8, 9, '人事部', 1),
	(20, 9, 9, '办公室部', 1),
	(21, 5, 14, '宣传部', 1),
	(22, 5, 14, '办公室部', 1),
	(23, 10, 12, '财政部', 1),
	(24, 3, 12, '生活部', 1),
	(25, 6, 12, '学习部', 1),
	(26, 6, 11, '财政部', 1),
	(27, 8, 11, '生活部', 1),
	(28, 9, 11, '学习部', 1),
	(29, 5, 11, '体育部', 1),
	(30, 6, 10, '人事部', 1),
	(31, 9, 10, '开发部', 1),
	(32, 20, 10, '财政部', 1),
	(33, 1, 15, '办公室部', 1),
	(34, 2, 15, '外联部', 0),
	(35, 3, 15, '宣传部', 0),
	(36, 0, 16, '外联部', 0),
	(37, 0, 16, '办公室部', 0);
/*!40000 ALTER TABLE `department` ENABLE KEYS */;


-- 导出  表 clubassembly.organization 结构
CREATE TABLE IF NOT EXISTS `organization` (
  `id` int(11) NOT NULL AUTO_INCREMENT,
  `name` varchar(50) DEFAULT NULL,
  `status` int(11) DEFAULT NULL,
  `image` varchar(100) DEFAULT NULL,
  `maincategory` int(11) DEFAULT NULL,
  `secondcategory` int(11) DEFAULT NULL,
  `property` int(11) DEFAULT NULL,
  `organizationcheckimagelocation` varchar(100) DEFAULT NULL,
  `contactInformation` varchar(50) DEFAULT NULL,
  `departmentIntroduce` longtext,
  `organizationIntroduce` longtext,
  `slogan` varchar(50) DEFAULT NULL,
  `auditMessage` longtext,
  PRIMARY KEY (`id`),
  UNIQUE KEY `name` (`name`),
  KEY `FK4644ED335E1F7E8E` (`secondcategory`),
  KEY `FK4644ED33FBF92AB4` (`property`),
  KEY `FK4644ED33541F3198` (`maincategory`),
  CONSTRAINT `FK4644ED33541F3198` FOREIGN KEY (`maincategory`) REFERENCES `organization_main_category` (`id`),
  CONSTRAINT `FK4644ED335E1F7E8E` FOREIGN KEY (`secondcategory`) REFERENCES `organization_second_category` (`id`),
  CONSTRAINT `FK4644ED33FBF92AB4` FOREIGN KEY (`property`) REFERENCES `property` (`id`)
) ENGINE=InnoDB AUTO_INCREMENT=18 DEFAULT CHARSET=utf8;

-- 正在导出表  clubassembly.organization 的数据：~11 rows (大约)
/*!40000 ALTER TABLE `organization` DISABLE KEYS */;
INSERT INTO `organization` (`id`, `name`, `status`, `image`, `maincategory`, `secondcategory`, `property`, `organizationcheckimagelocation`, `contactInformation`, `departmentIntroduce`, `organizationIntroduce`, `slogan`, `auditMessage`) VALUES
	(7, '河北师大学生会', 1, 'clubassemblyResources/organization/1/image/c3f0e3fb-9bd6-466d-8b77-88ffa09d0e92.jpg', 1, 1, 2, 'clubassemblyResources/organization/1/image/182f239a-04c3-44e8-8bd3-d176f1e459ca.jpg', '菜鸟就能用它搭起一个世界。', '                      起初神创造天地。地是空虚混沌，神说：「要有Bootstrap」，就有了Bootstrap。神看它是好的，能帮助所有菜鸟 脱离第一次开发网站的苦海。 而在极客学院，只用学7天，菜鸟就能用它搭起一个世界。 起初神创造天地。地是空虚混沌，神说：「要有Bootstrap」，就有了Bootstrap。神看它是好的，能帮助所有菜鸟 脱离第一次开发网站的苦海。 而在极客学院，只用学7天，菜鸟就能用它搭起一个世界。 起初神创造天地。地是空虚混沌，神说：「要有Bootstrap」，就有了Bootstrap。神看它是好的，能帮助所有菜鸟 脱离第一次开发网站的苦海。 而在极客学院，只用学7天，菜鸟就能用它搭起一个世界。 \r\n                        \r\n            \r\n            ', '                               起初神创造天地。地是空虚混沌，神说：「要有Bootstrap」，就有了Bootstrap。神看它是好的，能帮助所有菜鸟 脱离第一次开发网站的苦海。 而在极客学院，只用学7天，菜鸟就能用它搭起一个世界。 起初神创造天地。地是空虚混沌，神说：「要有Bootstrap」，就有了Bootstrap。神看它是好的，能帮助所有菜鸟 脱离第一次开发网站的苦海。 而在极客学院，只用学7天，菜鸟就能用它搭起一个世界。 起初神创造天地。地是空虚混沌，神说：「要有Bootstrap」，就有了Bootstrap。神看它是好的，能帮助所有菜鸟 脱离第一次开发网站的苦海。 而在极客学院，只用学7天，菜鸟就能用它搭起一个世界。 起初神创造天地。地是空虚混沌，神说：「要有Bootstrap」，就有了Bootstrap。神看它是好的，能帮助所有菜鸟 脱离第一次开发网站的苦海。 而在极客学院，只用学7天，菜鸟就能用它搭起一个世界。 起初神创造天地。地是空虚混沌，神说：「要有Bootstrap」，就有了Bootstrap。神看它是好的，能帮助所有菜鸟 脱离第一次开发网站的苦海。 而在极客学院，只用学7天，菜鸟就能用它搭起一个世界。                                                          ', '起初神创造天地', '你好同学，你创建的社团《河北师大十字街区》已经通过审核。'),
	(8, '河北师大漂移板协会', 0, 'clubassemblyResources/organization/1/image/92270a0e-89d8-4ddf-8653-e8d2f7f53307.jpg', 3, 40, 1, 'clubassemblyResources/organization/1/image/e86f750b-57f6-4a58-93f4-b9ee0534917e.jpg', '体验漂移板的乐趣', '           漂移板最先由美国的极限运动者Ryan Farrelly于2004年发明，最初灵感来自于滑板高山速降运动，于是漂移板便变成了陆上的滑雪运动。是全球最轻、最小的滑板，能随身携带到任何地方。河北师范大学漂移板社团成立于2010年，发展至今已经有一百多名成员。社团里有大神级人物教学，让新手更好的掌握滑行技术。社团还会不定期去周边学校、景点刷街游玩，与漂移板爱好者切磋武艺，体验漂移板的乐趣。    \r\n            ', '                漂移板最先由美国的极限运动者Ryan Farrelly于2004年发明，最初灵感来自于滑板高山速降运动，于是漂移板便变成了陆上的滑雪运动。是全球最轻、最小的滑板，能随身携带到任何地方。河北师范大学漂移板社团成立于2010年，发展至今已经有一百多名成员。社团里有大神级人物教学，让新手更好的掌握滑行技术。社团还会不定期去周边学校、景点刷街游玩，与漂移板爱好者切磋武艺，体验漂移板的乐趣。                                          ', '体验漂移板的乐趣', '你好同学，你创建的社团《河北师大十字街区》已经通过审核。'),
	(9, '河北师大广播台', 1, 'clubassemblyResources/organization/1/image/614b8a75-ddce-4f3b-800b-8aa189d766bb.jpg', 1, 10, 2, 'clubassemblyResources/organization/1/image/fc2e5a84-99f1-41b6-896d-315042dcbc4d.jpg', '', '                            \r\n                        ', '                            ', '让我们为了国防建设而努力', '你好同学，你创建的社团《河北师大十字街区》已经通过审核。'),
	(10, '河北师大电脑爱好者协会', 1, 'clubassemblyResources/organization/1/image/86a53e60-baa9-4bed-85a5-7e5cb210a025.jpg', 1, 1, 1, 'clubassemblyResources/organization/1/image/24b5c530-10b9-4060-99e6-e06e6fa2dc97.jpg', '', '                            \r\n                        ', '有你在一起，我是最幸福的。', '有你在一起，真好', '你好同学，你创建的社团《河北师大十字街区》已经通过审核。'),
	(11, '河北师大十字街区', 1, 'clubassemblyResources/organization/1/image/23f2a838-7eb4-4a4d-b7c4-436e4112d02d.jpg', 4, 47, 1, 'clubassemblyResources/organization/1/image/033ec4e7-fa0d-4f4c-9716-5a2fc0606f96.jpg', '帮助他人，快乐自己', '                           帮助他人，快乐自己帮助他人，快乐自己帮助他人，快乐自己帮助他人，快乐自己帮助他人，快乐自己帮助他人，快乐自己帮助他人，快乐自己帮助他人，快乐自己帮助他人，快乐自己帮助他人，快乐自己帮助他人，快乐自己帮助他人，快乐自己帮助他人，快乐自己帮助他人，快乐自己帮助他人，快乐自己帮助他人，快乐自己帮助他人，快乐自己帮助他人，快乐自己帮助他人，快乐自己帮助他人，快乐自己帮助他人，快乐自己帮助他人，快乐自己帮助他人，快乐自己帮助他人，快乐自己帮助他人，快乐自己帮助他人，快乐自己帮助他人，快乐自己帮助他人，快乐自己帮助他人，快乐自己帮助他人，快乐自己帮助他人，快乐自己帮助他人，快乐自己帮助他人，快乐自己帮助他人，快乐自己帮助他人，快乐自己帮助他人，快乐自己帮助他人，快乐自己帮助他人，快乐自己帮助他人，快乐自己帮助他人，快乐自己帮助他人，快乐自己帮助他人，快乐自己帮助他人，快乐自己帮助他人，快乐自己帮助他人，快乐自己帮助他人，快乐自己帮助他人，快乐自己帮助他人，快乐自己帮助他人，快乐自己帮助他人，快乐自己帮助他人，快乐自己帮助他人，快乐自己帮助他人，快乐自己帮助他人，快乐自己帮助他人，快乐自己帮助他人，快乐自己帮助他人，快乐自己帮助他人，快乐自己帮助他人，快乐自己帮助他人，快乐自己帮助他人，快乐自己帮助他人，快乐自己                 \r\n                        \r\n            ', '帮助他人，快乐自己帮助他人，快乐自己帮助他人，快乐自己帮助他人，快乐自己帮助他人，快乐自己帮助他人，快乐自己帮助他人，快乐自己帮助他人，快乐自己帮助他人，快乐自己帮助他人，快乐自己帮助他人，快乐自己帮助他人，快乐自己帮助他人，快乐自己帮助他人，快乐自己帮助他人，快乐自己帮助他人，快乐自己帮助他人，快乐自己帮助他人，快乐自己帮助他人，快乐自己帮助他人，快乐自己帮助他人，快乐自己帮助他人，快乐自己帮助他人，快乐自己帮助他人，快乐自己帮助他人，快乐自己帮助他人，快乐自己帮助他人，快乐自己帮助他人，快乐自己帮助他人，快乐自己帮助他人，快乐自己帮助他人，快乐自己帮助他人，快乐自己帮助他人，快乐自己帮助他人，快乐自己帮助他人，快乐自己帮助他人，快乐自己帮助他人，快乐自己帮助他人，快乐自己帮助他人，快乐自己帮助他人，快乐自己帮助他人，快乐自己帮助他人，快乐自己帮助他人，快乐自己帮助他人，快乐自己帮助他人，快乐自己帮助他人，快乐自己帮助他人，快乐自己帮助他人，快乐自己帮助他人，快乐自己帮助他人，快乐自己帮助他人，快乐自己帮助他人，快乐自己帮助他人，快乐自己帮助他人，快乐自己帮助他人，快乐自己帮助他人，快乐自己帮助他人，快乐自己帮助他人，快乐自己帮助他人，快乐自己帮助他人，快乐自己帮助他人，快乐自己帮助他人，快乐自己帮助他人，快乐自己帮助他人，快乐自己帮助他人，快乐自己帮助他人，快乐自己帮助他人，快乐自己帮助他人，快乐自己帮助他人，快乐自己帮助他人，快乐自己帮助他人，快乐自己帮助他人，快乐自己帮助他人，快乐自己                              ', '帮助他人，快乐自己', '你好同学，你创建的社团《河北师大十字街区》已经通过审核。'),
	(12, '河北师大爱心协会', 0, 'clubassemblyResources/organization/1/image/06171be3-2ba8-4c60-877d-88acee94930d.jpg', 1, 9, 1, 'clubassemblyResources/organization/1/image/fdc6a9b4-7d89-466e-8452-da979d04540d.jpg', '让我们一起探索哲学的奥密', '                                       让我们一起探索哲学的奥密让我们一起探索哲学的奥密让我们一起探索哲学的奥密让我们一起探索哲学的奥密让我们一起探索哲学的奥密让我们一起探索哲学的奥密让我们一起探索哲学的奥密让我们一起探索哲学的奥密让我们一起探索哲学的奥密让我们一起探索哲学的奥密让我们一起探索哲学的奥密让我们一起探索哲学的奥密     \r\n                        \r\n            ', '让我们一起探索哲学的奥密让我们一起探索哲学的奥密 让我们一起探索哲学的奥密让我们一起探索哲学的奥密让我们一起探索哲学的奥密让我们一起探索哲学的奥密让我们一起探索哲学的奥密让我们一起探索哲学的奥密让我们一起探索哲学的奥密让我们一起探索哲学的奥密让我们一起探索哲学的奥密让我们一起探索哲学的奥密让我们一起探索哲学的奥密让我们一起探索哲学的奥密让我们一起探索哲学的奥密让我们一起探索哲学的奥密让我们一起探索哲学的奥密让我们一起探索哲学的奥密让我们一起探索哲学的奥密让我们一起探索哲学的奥密让我们一起探索哲学的奥密让我们一起探索哲学的奥密让我们一起探索哲学的奥密让我们一起探索哲学的奥密让我们一起探索哲学的奥密', '让我们一起探索哲学的奥密', NULL),
	(13, '河北师大校青协', 0, 'clubassemblyResources/organization/6/image/2c8bd422-c1b5-45a5-a2e8-fa0819b34008.jpg', 1, 4, 1, 'clubassemblyResources/organization/6/image/488f118b-e391-448c-8b28-95186044459d.jpg', 'asdfjljllasfd', '                                                        asdfasdf;l;kl;;asdf\r\n                        \r\n                        ', '                                                        asdfklaqsjldfklasdfjasdflasjdflasdfjl', '帮助他人，快乐自己', '你好同学，你创建的社团《河北师大十字街区》未通过审核。'),
	(14, '河北师大知行社', 4, 'clubassemblyResources/organization/6/image/5a04efe1-6ae3-4749-ba58-20d8c757c394.jpg', 4, 45, 1, 'clubassemblyResources/organization/6/image/9d10a7aa-574f-47c9-9d81-925c9e97f8f8.jpg', '', '                            \r\n                        ', '                            ', '怀天下，求真知!', NULL),
	(15, '河北师大书法协会', 1, 'clubassemblyResources/organization/1/image/6198bbfb-c7dd-453b-af11-faa269d37409.jpg', 1, 12, 1, 'clubassemblyResources/organization/1/image/d99c10b7-c1fd-4727-8673-41e09d40b79a.jpg', NULL, NULL, NULL, NULL, '你好同学，你创建的社团《河北师大十字街区》已经通过审核。'),
	(16, '河北科大文学社', 0, 'clubassemblyResources/organization/7/image/4f3beed4-601b-41b8-a7c3-d0d42a6d6922.jpg', 1, 7, 1, 'clubassemblyResources/organization/7/image/f92c2936-d76d-4b45-8dbe-ba9402663274.jpg', NULL, NULL, NULL, NULL, NULL),
	(17, '北京大学青年协会', 0, 'clubassemblyResources/organization/8/image/ba72b249-7c49-471f-9421-b1b98936fa79.jpg', 2, 20, 1, 'clubassemblyResources/organization/8/image/9d80e6c4-3489-42e3-b0aa-7b31cdf52698.jpg', NULL, NULL, NULL, NULL, NULL);
/*!40000 ALTER TABLE `organization` ENABLE KEYS */;


-- 导出  表 clubassembly.organizationevents 结构
CREATE TABLE IF NOT EXISTS `organizationevents` (
  `id` int(11) NOT NULL AUTO_INCREMENT,
  `beginDate` datetime DEFAULT NULL,
  `category` varchar(20) DEFAULT NULL,
  `content` longtext,
  `endDate` datetime DEFAULT NULL,
  `location` varchar(50) DEFAULT NULL,
  `scale` varchar(20) DEFAULT NULL,
  `sponsor` varchar(30) DEFAULT NULL,
  `title` varchar(50) DEFAULT NULL,
  `organization_id` int(11) DEFAULT NULL,
  `poster` varchar(100) DEFAULT NULL,
  `status` int(11) DEFAULT NULL,
  `releaseTime` datetime DEFAULT NULL,
  PRIMARY KEY (`id`),
  KEY `FKE504DC0C7FDA2891` (`organization_id`),
  CONSTRAINT `FKE504DC0C7FDA2891` FOREIGN KEY (`organization_id`) REFERENCES `organization` (`id`)
) ENGINE=InnoDB AUTO_INCREMENT=14 DEFAULT CHARSET=utf8;

-- 正在导出表  clubassembly.organizationevents 的数据：~11 rows (大约)
/*!40000 ALTER TABLE `organizationevents` DISABLE KEYS */;
INSERT INTO `organizationevents` (`id`, `beginDate`, `category`, `content`, `endDate`, `location`, `scale`, `sponsor`, `title`, `organization_id`, `poster`, `status`, `releaseTime`) VALUES
	(3, '2015-04-11 10:00:00', '晚会', '本次活动主要目的是迎新。', '2015-04-11 12:00:00', '本校教学楼A103', '中型活动(50-200人)', '河北师大爱心协会', '迎新晚会', 12, 'clubassemblyResources/organization/1/image/events/4b51f1eb-8286-4925-8a76-73b73c00515f.jpg', 0, '2015-04-11 18:12:21'),
	(4, '2015-01-03 08:00:00', '演出', 'XXXXXXXXXXXXXXXXXXXXXXXXXXXXXXXX<br />', '2015-01-03 13:00:00', 'XXXXXXXXXXXXXXX', '中型活动(50-200人)', '河北师大爱心协会', '每周例会', 12, 'clubassemblyResources/organization/1/image/events/56fe8bba-9b30-4c96-94cd-8ca906b1afd0.jpg', 0, '2015-04-11 18:38:53'),
	(5, '2015-04-11 14:30:00', '晚会', '哈哈哈哈中', '2015-04-15 16:30:00', '本校教学楼A103', '中型活动(50-200人)', '河北师大爱心协会', '又发了一个新活动', 12, 'clubassemblyResources/organization/1/image/events/a7a8e2c8-547a-4040-9b6a-a6e78bea72a1.jpg', 0, '2015-04-11 18:50:33'),
	(6, '2015-01-03 08:00:00', '展览', '请上传本次活动宣传海报<br />\r\n海报大小为240x400效果最佳<br />\r\n它会成为热门活动评选的参照条件', '2015-01-03 15:30:00', '本校教学楼A103', '小型活动(50人以内)', '河北师大爱心协会', '又发了一个新活动', 12, 'clubassemblyResources/organization/1/image/events/bf7feace-c277-487f-ab4b-51e31de32f4b.jpg', 0, '2015-04-11 18:51:55'),
	(7, '2015-01-03 08:00:00', '展览', '请上传本次活动宣传海报<br />\r\n海报大小为240x400效果最佳<br />\r\n它会成为热门活动评选的参照条件', '2015-04-15 16:30:00', '本校教学楼A103', '小型活动(50人以内)', '河北师大漂移板协会', '每周例会', 9, 'clubassemblyResources/organization/1/image/events/2161a7fb-332b-4170-a24b-4cf9de21345e.jpg', 0, '2015-04-11 18:57:39'),
	(8, '2015-01-03 08:00:00', '晚会', '<p>\r\n	zsdg<img src="/clubassembly/clubassemblyResources/organization/events/image/20150411/20150411215419_410.jpg" alt="" width="100%" />\r\n</p>\r\n<p>\r\n	<br />\r\n</p>\r\n<p>\r\n	asdfasdf<img src="/clubassembly/clubassemblyResources/organization/events/image/20150411/20150411215454_512.jpg" alt="" width="100%" />\r\n</p>', '2015-01-03 16:00:00', 'XXXXXXXXXXXXXXX', '小型活动(50人以内)', '河北师大爱心协会', '这个活动里有好多美图', 12, 'clubassemblyResources/organization/1/image/events/1cb3e433-3d02-4735-8e6a-7d86d3821958.jpg', 0, '2015-04-11 21:56:00'),
	(9, '2015-02-03 08:00:00', '派对', '<div>\r\n	请上传本次活动宣传海报<br />\r\n海报大小为240x400效果最佳<br />\r\n它会成为热门活动评选的参照条件<br />\r\n</div>\r\n<div class="form-group">\r\n	<div class="col-lg-offset-1 col-sm-4 col-md-4 col-lg-4">\r\n	</div>\r\n</div>\r\n<p>\r\n	<br />\r\n</p>\r\n<p>\r\n	<div>\r\n		请上传本次活动宣传海报<br />\r\n海报大小为240x400效果最佳<br />\r\n它会成为热门活动评选的参照条件<br />\r\n	</div>\r\n</p>\r\n<p>\r\n	<div>\r\n		请上传本次活动宣传海报<br />\r\n海报大小为240x400效果最佳<br />\r\n它会成为热门活动评选的参照条件<br />\r\n	</div>\r\n<img src="/clubassembly/clubassemblyResources/organization/events/image/20150412/20150412103234_631.jpg" alt="" width="100%" />\r\n</p>\r\n<p>\r\n	<br />\r\n</p>\r\n<p>\r\n	<br />\r\n</p>\r\n<p>\r\n	<img src="/clubassembly/clubassemblyResources/organization/events/image/20150412/20150412103247_468.jpg" alt="" width="100%" />\r\n</p>\r\n<p>\r\n	asdf\r\n</p>', '2015-02-03 17:00:00', '科大', '小型活动(50人以内)', '河北师大漂移板社团', '周六科大刷街', 8, 'clubassemblyResources/organization/1/image/events/39f18fd4-bd59-44db-9b04-4dc93963b89c.jpg', 0, '2015-04-12 10:32:53'),
	(10, '2015-05-17 19:00:00', '晚会', '知行社2015届迎新晚会', '2015-05-17 20:00:00', '师大风雨操场', '小型活动(50人以内)', '河北师大知行社', '知行社2015届迎新晚会', 14, 'clubassemblyResources/organization/6/image/events/6972db7a-1db8-4097-8e25-66b6381ab446.jpg', 0, '2015-05-17 07:28:40'),
	(11, '2015-05-18 15:00:00', '派对', '2015届新生联欢派对', '2015-05-18 17:30:00', '北大百年印象一楼', '小型活动(50人以内)', '北大青年协会', '2015届新生联欢派对', 17, 'clubassemblyResources/organization/8/image/events/4e687a31-1682-4b5e-b253-dcf62f96a44e.jpg', 0, '2015-05-17 09:55:44'),
	(12, '2015-05-19 08:00:00', '讲座', '2015届文学交流会', '2015-05-19 10:00:00', '科大教学楼201会议室', '小型活动(50人以内)', '河北科大文学社', '2015届文学交流会', 16, 'clubassemblyResources/organization/7/image/events/c88dd434-58b9-4257-84ef-bbd74316d1a3.jpg', 0, '2015-05-17 09:59:06'),
	(13, '2015-05-18 14:00:00', '晚会', '用户。。。。', '2015-05-18 15:30:00', '学校一食堂', '小型活动(50人以内)', '师大书法协会', '2015届新生晚会', 15, 'clubassemblyResources/organization/1/image/events/e0b6513b-2b3c-4faf-baef-21eb9d2a1a2c.jpg', 0, '2015-05-17 15:04:58');
/*!40000 ALTER TABLE `organizationevents` ENABLE KEYS */;


-- 导出  表 clubassembly.organizationmessages 结构
CREATE TABLE IF NOT EXISTS `organizationmessages` (
  `id` int(11) NOT NULL AUTO_INCREMENT,
  `content` longtext,
  `releaseTime` datetime DEFAULT NULL,
  `organization_id` int(11) DEFAULT NULL,
  `student_id` int(11) DEFAULT NULL,
  PRIMARY KEY (`id`),
  KEY `FK8B1F0B7F7FDA2891` (`organization_id`),
  KEY `FK8B1F0B7FE21625C3` (`student_id`),
  CONSTRAINT `FK8B1F0B7F7FDA2891` FOREIGN KEY (`organization_id`) REFERENCES `organization` (`id`),
  CONSTRAINT `FK8B1F0B7FE21625C3` FOREIGN KEY (`student_id`) REFERENCES `student` (`id`)
) ENGINE=InnoDB AUTO_INCREMENT=18 DEFAULT CHARSET=utf8;

-- 正在导出表  clubassembly.organizationmessages 的数据：~17 rows (大约)
/*!40000 ALTER TABLE `organizationmessages` DISABLE KEYS */;
INSERT INTO `organizationmessages` (`id`, `content`, `releaseTime`, `organization_id`, `student_id`) VALUES
	(1, 'asdfasdf\r\n                    ', '2015-04-12 09:24:43', 12, 1),
	(2, '喜欢我们的社团变得越来越好。\r\n                    ,                                    asdfasdf\r\n                    \r\n                            ', '2015-04-12 09:33:59', 12, 1),
	(3, '哈哈只\r\n', '2015-04-12 10:10:04', 12, 6),
	(4, '希望我们的社团越办越好。\r\n                    ', '2015-04-12 10:12:37', 13, 1),
	(5, '这个社团怎么样？\r\n                    ', '2015-04-12 10:17:16', 8, 6),
	(6, '我想知道为什么有那么多的空格?,                                    这个社团怎么样？\r\n                    \r\n                            ', '2015-04-12 10:20:06', 8, 6),
	(7, '能告诉我为什么是空指针异常吗？', '2015-04-12 10:24:05', 8, 6),
	(8, '我也不知道怎么回事。', '2015-04-12 10:25:50', 8, 1),
	(9, '你想对他说...', '2015-04-12 10:27:11', 8, 1),
	(10, '你想对他说...', '2015-04-12 10:59:42', 9, 1),
	(11, '终于把社团展示和社团管理整合起来了。', '2015-04-12 16:47:17', 8, 6),
	(12, '终于把社团和学生的管理和展示结合起来了。', '2015-04-12 17:01:50', 12, 1),
	(13, '有点累啊。', '2015-04-12 17:03:35', 12, 1),
	(14, '我 想加入这个社团', '2015-04-12 17:14:44', 9, 6),
	(15, '和大家在一起玩，真开心 。', '2015-04-12 18:48:20', 7, 1),
	(16, 'asdf', '2015-05-15 17:03:23', 12, 6),
	(17, '加油', '2015-05-17 15:06:09', 9, 1);
/*!40000 ALTER TABLE `organizationmessages` ENABLE KEYS */;


-- 导出  表 clubassembly.organizationnews 结构
CREATE TABLE IF NOT EXISTS `organizationnews` (
  `id` int(11) NOT NULL AUTO_INCREMENT,
  `content` varchar(140) DEFAULT NULL,
  `releaseTime` datetime DEFAULT NULL,
  `organization_id` int(11) DEFAULT NULL,
  PRIMARY KEY (`id`),
  KEY `FK9308A6867FDA2891` (`organization_id`),
  CONSTRAINT `FK9308A6867FDA2891` FOREIGN KEY (`organization_id`) REFERENCES `organization` (`id`)
) ENGINE=InnoDB AUTO_INCREMENT=5 DEFAULT CHARSET=utf8;

-- 正在导出表  clubassembly.organizationnews 的数据：~4 rows (大约)
/*!40000 ALTER TABLE `organizationnews` DISABLE KEYS */;
INSERT INTO `organizationnews` (`id`, `content`, `releaseTime`, `organization_id`) VALUES
	(1, '这是第一个新鲜事。', '2015-04-11 20:39:13', 12),
	(2, '这是第二个新鲜事。<br />', '2015-04-11 20:39:50', 12),
	(3, '我想说，我也不知道想说什么，反正今天不高兴。', '2015-04-11 20:43:04', 12),
	(4, '本社团今天又有一个新人加入了。', '2015-04-12 10:28:25', 8);
/*!40000 ALTER TABLE `organizationnews` ENABLE KEYS */;


-- 导出  表 clubassembly.organizationphotos 结构
CREATE TABLE IF NOT EXISTS `organizationphotos` (
  `id` int(11) NOT NULL AUTO_INCREMENT,
  `photolocation` varchar(150) DEFAULT NULL,
  `photoname` varchar(52) DEFAULT NULL,
  `photosname` varchar(20) DEFAULT NULL,
  `releaseTime` datetime DEFAULT NULL,
  `organization_id` int(11) DEFAULT NULL,
  PRIMARY KEY (`id`),
  KEY `FKF70983747FDA2891` (`organization_id`),
  CONSTRAINT `FKF70983747FDA2891` FOREIGN KEY (`organization_id`) REFERENCES `organization` (`id`)
) ENGINE=InnoDB DEFAULT CHARSET=utf8;

-- 正在导出表  clubassembly.organizationphotos 的数据：~0 rows (大约)
/*!40000 ALTER TABLE `organizationphotos` DISABLE KEYS */;
/*!40000 ALTER TABLE `organizationphotos` ENABLE KEYS */;


-- 导出  表 clubassembly.organization_main_category 结构
CREATE TABLE IF NOT EXISTS `organization_main_category` (
  `id` int(11) NOT NULL AUTO_INCREMENT,
  `name` varchar(20) DEFAULT NULL,
  PRIMARY KEY (`id`)
) ENGINE=InnoDB AUTO_INCREMENT=7 DEFAULT CHARSET=utf8;

-- 正在导出表  clubassembly.organization_main_category 的数据：~6 rows (大约)
/*!40000 ALTER TABLE `organization_main_category` DISABLE KEYS */;
INSERT INTO `organization_main_category` (`id`, `name`) VALUES
	(1, '专业学术'),
	(2, '文化娱乐'),
	(3, '体育健身'),
	(4, '社会公益'),
	(5, '职业实践'),
	(6, '团学组织');
/*!40000 ALTER TABLE `organization_main_category` ENABLE KEYS */;


-- 导出  表 clubassembly.organization_second_category 结构
CREATE TABLE IF NOT EXISTS `organization_second_category` (
  `id` int(11) NOT NULL AUTO_INCREMENT,
  `name` varchar(20) DEFAULT NULL,
  `main_id` int(11) DEFAULT NULL,
  PRIMARY KEY (`id`),
  KEY `FKC3E3E95DE9D29D42` (`main_id`),
  CONSTRAINT `FKC3E3E95DE9D29D42` FOREIGN KEY (`main_id`) REFERENCES `organization_main_category` (`id`)
) ENGINE=InnoDB AUTO_INCREMENT=60 DEFAULT CHARSET=utf8;

-- 正在导出表  clubassembly.organization_second_category 的数据：~59 rows (大约)
/*!40000 ALTER TABLE `organization_second_category` DISABLE KEYS */;
INSERT INTO `organization_second_category` (`id`, `name`, `main_id`) VALUES
	(1, '自然科学', 1),
	(2, '信息科技', 1),
	(3, '法律研究', 1),
	(4, '天文地理', 1),
	(5, '历史研究', 1),
	(6, '经济管理', 1),
	(7, '文学研究', 1),
	(8, '媒体传播', 1),
	(9, '哲学理论', 1),
	(10, '军事国防', 1),
	(11, '外语学习', 1),
	(12, '其他', 1),
	(13, '动漫', 2),
	(14, '摄影', 2),
	(15, '舞蹈', 2),
	(16, '益智', 2),
	(17, '手工', 2),
	(18, '音乐', 2),
	(19, '礼仪文化', 2),
	(20, '交际交友', 2),
	(21, '书法美术', 2),
	(22, '美食文化', 2),
	(23, '影视表演', 2),
	(24, '创新创意', 2),
	(25, '演讲口才', 2),
	(26, '其他', 2),
	(27, '篮球', 3),
	(28, '足球', 3),
	(29, '排球', 3),
	(30, '乒乓球', 3),
	(31, '台球', 3),
	(32, '网球', 3),
	(33, '羽毛球', 3),
	(34, '户外', 3),
	(35, '游泳', 3),
	(36, '桌游', 3),
	(37, '武术', 3),
	(38, '健美', 3),
	(39, '电子竞技', 3),
	(40, '轮滑滑板', 3),
	(41, '其他球类', 3),
	(42, '其他', 3),
	(43, '手语', 4),
	(44, '环保', 4),
	(45, '心理健康', 4),
	(46, '支教助学', 4),
	(47, '红十字会', 4),
	(48, '其他', 4),
	(49, '创业', 5),
	(50, '企业俱乐部', 5),
	(51, '模拟联合国', 5),
	(52, '职业发展', 5),
	(53, '国际大学生组织', 5),
	(54, '其他', 5),
	(55, '团委', 6),
	(56, '学生会', 6),
	(57, '研究生会', 6),
	(58, '社团联合会', 6),
	(59, '其他', 6);
/*!40000 ALTER TABLE `organization_second_category` ENABLE KEYS */;


-- 导出  表 clubassembly.position 结构
CREATE TABLE IF NOT EXISTS `position` (
  `id` int(11) NOT NULL AUTO_INCREMENT,
  `organizationid` int(11) DEFAULT NULL,
  `position` varchar(20) DEFAULT NULL,
  PRIMARY KEY (`id`),
  KEY `FK2C929929F9880E78` (`organizationid`),
  CONSTRAINT `FK2C929929F9880E78` FOREIGN KEY (`organizationid`) REFERENCES `organization` (`id`)
) ENGINE=InnoDB AUTO_INCREMENT=38 DEFAULT CHARSET=utf8;

-- 正在导出表  clubassembly.position 的数据：~29 rows (大约)
/*!40000 ALTER TABLE `position` DISABLE KEYS */;
INSERT INTO `position` (`id`, `organizationid`, `position`) VALUES
	(9, 13, '部长'),
	(10, 13, '副部长'),
	(11, 13, '社员'),
	(12, 7, '部长'),
	(13, 7, '委员长'),
	(14, 7, '院长'),
	(15, 8, '院长'),
	(16, 8, '部长'),
	(17, 8, '副部长'),
	(18, 9, '部长'),
	(19, 9, '副部长'),
	(20, 9, '处长'),
	(21, 9, '副处长'),
	(22, 9, '科员'),
	(23, 14, '部长'),
	(24, 14, '部员'),
	(25, 12, '部长'),
	(26, 12, '副部长'),
	(27, 11, '部长'),
	(28, 11, '部员'),
	(29, 11, '副部长'),
	(30, 10, '部长'),
	(31, 10, '副部长'),
	(32, 15, '社长'),
	(33, 15, '部长'),
	(34, 15, '社员'),
	(35, 16, '部长'),
	(36, 16, '部员'),
	(37, 16, '社员');
/*!40000 ALTER TABLE `position` ENABLE KEYS */;


-- 导出  表 clubassembly.property 结构
CREATE TABLE IF NOT EXISTS `property` (
  `id` int(11) NOT NULL AUTO_INCREMENT,
  `property` varchar(10) DEFAULT NULL,
  PRIMARY KEY (`id`),
  UNIQUE KEY `property` (`property`)
) ENGINE=InnoDB AUTO_INCREMENT=3 DEFAULT CHARSET=utf8;

-- 正在导出表  clubassembly.property 的数据：~2 rows (大约)
/*!40000 ALTER TABLE `property` DISABLE KEYS */;
INSERT INTO `property` (`id`, `property`) VALUES
	(1, '校级组织'),
	(2, '院级组织');
/*!40000 ALTER TABLE `property` ENABLE KEYS */;


-- 导出  表 clubassembly.province_info 结构
CREATE TABLE IF NOT EXISTS `province_info` (
  `pr_id` int(11) NOT NULL AUTO_INCREMENT,
  `pr_province` varchar(32) DEFAULT NULL,
  PRIMARY KEY (`pr_id`)
) ENGINE=InnoDB AUTO_INCREMENT=35 DEFAULT CHARSET=utf8;

-- 正在导出表  clubassembly.province_info 的数据：~34 rows (大约)
/*!40000 ALTER TABLE `province_info` DISABLE KEYS */;
INSERT INTO `province_info` (`pr_id`, `pr_province`) VALUES
	(1, '北京'),
	(2, '上海'),
	(3, '天津'),
	(4, '重庆'),
	(5, '黑龙江'),
	(6, '吉林'),
	(7, '辽宁'),
	(8, '山东'),
	(9, '山西'),
	(10, '陕西'),
	(11, '河北'),
	(12, '河南'),
	(13, '湖北'),
	(14, '湖南'),
	(15, '海南'),
	(16, '江苏'),
	(17, '江西'),
	(18, '广东'),
	(19, '广西'),
	(20, '云南'),
	(21, '贵州'),
	(22, '四川'),
	(23, '内蒙古'),
	(24, '宁夏'),
	(25, '甘肃'),
	(26, '青海'),
	(27, '西藏'),
	(28, '新疆'),
	(29, '安徽'),
	(30, '浙江'),
	(31, '福建'),
	(32, '香港'),
	(33, '澳门'),
	(34, '台湾');
/*!40000 ALTER TABLE `province_info` ENABLE KEYS */;


-- 导出  表 clubassembly.role 结构
CREATE TABLE IF NOT EXISTS `role` (
  `id` int(11) NOT NULL AUTO_INCREMENT,
  `available` int(11) DEFAULT NULL,
  `description` varchar(100) DEFAULT NULL,
  `role` varchar(50) DEFAULT NULL,
  PRIMARY KEY (`id`)
) ENGINE=InnoDB AUTO_INCREMENT=5 DEFAULT CHARSET=utf8;

-- 正在导出表  clubassembly.role 的数据：~4 rows (大约)
/*!40000 ALTER TABLE `role` DISABLE KEYS */;
INSERT INTO `role` (`id`, `available`, `description`, `role`) VALUES
	(1, 1, '学生角色', 'student'),
	(2, 1, '超级管理员角色', 'admin'),
	(3, 1, '学生管理员角色', 'student_manager'),
	(4, 1, '社团管理员角色', 'organization_manager');
/*!40000 ALTER TABLE `role` ENABLE KEYS */;


-- 导出  表 clubassembly.school_info 结构
CREATE TABLE IF NOT EXISTS `school_info` (
  `sh_id` int(11) NOT NULL AUTO_INCREMENT,
  `sh_school` varchar(32) DEFAULT NULL,
  `sh_city` int(11) DEFAULT NULL,
  PRIMARY KEY (`sh_id`),
  KEY `FK4F1DCA994543D937` (`sh_city`),
  CONSTRAINT `FK4F1DCA994543D937` FOREIGN KEY (`sh_city`) REFERENCES `city_info` (`ci_id`)
) ENGINE=InnoDB AUTO_INCREMENT=2218 DEFAULT CHARSET=utf8;

-- 正在导出表  clubassembly.school_info 的数据：~2,173 rows (大约)
/*!40000 ALTER TABLE `school_info` DISABLE KEYS */;
INSERT INTO `school_info` (`sh_id`, `sh_school`, `sh_city`) VALUES
	(1, '北京大学', 1),
	(2, '中国人民大学', 1),
	(3, '清华大学', 1),
	(4, '北京交通大学', 1),
	(5, '北京科技大学', 1),
	(6, '北京化工大学', 1),
	(7, '北京邮电大学', 1),
	(8, '中国农业大学', 1),
	(9, '北京林业大学', 1),
	(10, '北京中医药大学', 1),
	(11, '北京师范大学', 1),
	(12, '北京外国语大学', 1),
	(13, '北京语言大学', 1),
	(14, '中央财经大学', 1),
	(15, '对外经济贸易大学', 1),
	(16, '中国政法大学', 1),
	(17, '华北电力大学', 1),
	(18, '中国石油大学', 1),
	(19, '中央民族大学', 1),
	(20, '中国人民公安大学', 1),
	(21, '北京协和医学院', 1),
	(22, '北京体育大学', 1),
	(23, '北京航空航天大学', 1),
	(24, '北京理工大学', 1),
	(25, '中国科学院大学', 1),
	(26, '北京工业大学', 1),
	(27, '北方工业大学', 1),
	(28, '北京工商大学', 1),
	(29, '北京建筑大学', 1),
	(30, '首都医科大学', 1),
	(31, '首都师范大学', 1),
	(32, '首都经济贸易大学', 1),
	(33, '北京信息科技大学', 1),
	(34, '北京联合大学', 1),
	(35, '中国传媒大学', 1),
	(36, '国际关系学院', 1),
	(37, '中央音乐学院', 1),
	(38, '中央美术学院', 1),
	(39, '中央戏剧学院', 1),
	(40, '北京电子科技学院', 1),
	(41, '外交学院', 1),
	(42, '中国劳动关系学院', 1),
	(43, '中国青年政治学院', 1),
	(44, '中华女子学院', 1),
	(45, '北京服装学院', 1),
	(46, '北京印刷学院', 1),
	(47, '北京石油化工学院', 1),
	(48, '北京农学院', 1),
	(49, '首都体育学院', 1),
	(50, '北京第二外国语学院', 1),
	(51, '北京物资学院', 1),
	(52, '中国音乐学院', 1),
	(53, '中国戏曲学院', 1),
	(54, '北京电影学院', 1),
	(55, '北京舞蹈学院', 1),
	(56, '北京城市学院', 1),
	(57, '首钢工学院', 1),
	(58, '北京警察学院', 1),
	(59, '北京青年政治学院', 1),
	(60, '北京工业职业技术学院', 1),
	(61, '北京信息职业技术学院', 1),
	(62, '北京电子科技职业学院', 1),
	(63, '北京吉利大学', 1),
	(64, '北京社会管理职业学院', 1),
	(65, '北京新圆明职业学院', 1),
	(66, '北京体育职业学院', 1),
	(67, '北京交通运输职业学院', 1),
	(68, '北京卫生职业学院', 1),
	(69, '北京京北职业技术学院', 1),
	(70, '北京交通职业技术学院', 1),
	(71, '北京农业职业学院', 1),
	(72, '北京政法职业学院', 1),
	(73, '北京财贸职业学院', 1),
	(74, '北京北大方正软件职业技术学院', 1),
	(75, '北京经贸职业学院', 1),
	(76, '北京经济技术职业学院', 1),
	(77, '北京戏曲艺术职业学院', 1),
	(78, '北京汇佳职业学院', 1),
	(79, '北京现代职业技术学院', 1),
	(80, '北京科技经营管理学院', 1),
	(81, '北京科技职业学院', 1),
	(82, '北京培黎职业学院', 1),
	(83, '北京经济管理职业学院', 1),
	(84, '北京劳动保障职业学院', 1),
	(85, '复旦大学', 2),
	(86, '同济大学', 2),
	(87, '上海交通大学', 2),
	(88, '华东理工大学', 2),
	(89, '东华大学', 2),
	(90, '华东师范大学', 2),
	(91, '上海外国语大学', 2),
	(92, '上海财经大学', 2),
	(93, '上海理工大学', 2),
	(94, '上海海事大学', 2),
	(95, '上海海洋大学', 2),
	(96, '上海中医药大学', 2),
	(97, '上海师范大学', 2),
	(98, '上海对外经贸大学', 2),
	(99, '华东政法大学', 2),
	(100, '上海大学', 2),
	(101, '上海工程技术大学', 2),
	(102, '上海纽约大学', 2),
	(103, '上海海关学院', 2),
	(104, '上海电力学院', 2),
	(105, '上海应用技术学院', 2),
	(106, '上海体育学院', 2),
	(107, '上海音乐学院', 2),
	(108, '上海戏剧学院', 2),
	(109, '上海立信会计学院', 2),
	(110, '上海电机学院', 2),
	(111, '上海金融学院', 2),
	(112, '上海杉达学院', 2),
	(113, '上海商学院', 2),
	(114, '上海视觉艺术学院', 2),
	(115, '上海政法学院', 2),
	(116, '上海第二工业大学', 2),
	(117, '上海建桥学院', 2),
	(118, '上海医疗器械高等专科学校', 2),
	(119, '上海旅游高等专科学校', 2),
	(120, '上海公安高等专科学校', 2),
	(121, '上海出版印刷高等专科学校', 2),
	(122, '上海医药高等专科学校', 2),
	(123, '上海民航职业技术学院', 2),
	(124, '上海东海职业技术学院', 2),
	(125, '上海新侨职业技术学院', 2),
	(126, '上海兴韦信息技术职业学院', 2),
	(127, '上海体育职业学院', 2),
	(128, '上海健康职业技术学院', 2),
	(129, '上海行健职业学院', 2),
	(130, '上海城市管理职业技术学院', 2),
	(131, '上海交通职业技术学院', 2),
	(132, '上海海事职业技术学院', 2),
	(133, '上海电子信息职业技术学院', 2),
	(134, '上海震旦职业学院', 2),
	(135, '上海民远职业技术学院', 2),
	(136, '上海欧华职业技术学院', 2),
	(137, '上海思博职业技术学院', 2),
	(138, '上海立达职业技术学院', 2),
	(139, '上海工艺美术职业学院', 2),
	(140, '上海济光职业技术学院', 2),
	(141, '上海工商外国语职业学院', 2),
	(142, '上海科学技术职业学院', 2),
	(143, '上海农林职业技术学院', 2),
	(144, '上海邦德职业技术学院', 2),
	(145, '上海中侨职业技术学院', 2),
	(146, '上海建峰职业技术学院', 2),
	(147, '上海电影艺术职业学院', 2),
	(148, '上海中华职业技术学院', 2),
	(149, '上海工会管理职业学院', 2),
	(150, '河北工业大学', 3),
	(151, '南开大学', 3),
	(152, '天津大学', 3),
	(153, '中国民航大学', 3),
	(154, '天津科技大学', 3),
	(155, '天津工业大学', 3),
	(156, '天津理工大学', 3),
	(157, '天津医科大学', 3),
	(158, '天津中医药大学', 3),
	(159, '天津师范大学', 3),
	(160, '天津职业技术师范大学', 3),
	(161, '天津外国语大学', 3),
	(162, '天津商业大学', 3),
	(163, '天津财经大学', 3),
	(164, '天津城建大学', 3),
	(165, '天津农学院', 3),
	(166, '天津体育学院', 3),
	(167, '天津音乐学院', 3),
	(168, '天津美术学院', 3),
	(169, '天津天狮学院', 3),
	(170, '天津医学高等专科学校', 3),
	(171, '天津市职业大学', 3),
	(172, '天津商务职业学院', 3),
	(173, '天津广播影视职业学院', 3),
	(174, '天津中德职业技术学院', 3),
	(175, '天津滨海职业学院', 3),
	(176, '天津工程职业技术学院', 3),
	(177, '天津青年职业学院', 3),
	(178, '天津渤海职业技术学院', 3),
	(179, '天津电子信息职业技术学院', 3),
	(180, '天津机电职业技术学院', 3),
	(181, '天津现代职业技术学院', 3),
	(182, '天津公安警官职业学院', 3),
	(183, '天津轻工职业技术学院', 3),
	(184, '天津国土资源和房屋职业学院', 3),
	(185, '天津开发区职业技术学院', 3),
	(186, '天津艺术职业学院', 3),
	(187, '天津交通职业学院', 3),
	(188, '天津冶金职业技术学院', 3),
	(189, '天津石油职业技术学院', 3),
	(190, '天津城市职业学院', 3),
	(191, '天津铁道职业技术学院', 3),
	(192, '天津工艺美术职业学院', 3),
	(193, '天津城市建设管理职业技术学院', 3),
	(194, '天津生物工程职业技术学院', 3),
	(195, '天津海运职业学院', 3),
	(196, '重庆大学', 4),
	(197, '西南大学', 4),
	(198, '重庆邮电大学', 4),
	(199, '重庆交通大学', 4),
	(200, '重庆医科大学', 4),
	(201, '重庆师范大学', 4),
	(202, '西南政法大学', 4),
	(203, '重庆理工大学', 4),
	(204, '重庆工商大学', 4),
	(205, '重庆文理学院', 4),
	(206, '重庆三峡学院', 4),
	(207, '长江师范学院', 4),
	(208, '四川外国语大学', 4),
	(209, '四川美术学院', 4),
	(210, '重庆科技学院', 4),
	(211, '重庆警察学院', 4),
	(212, '重庆人文科技学院', 4),
	(213, '重庆第二师范学院', 4),
	(214, '重庆电力高等专科学校', 4),
	(215, '重庆幼儿师范高等专科学校', 4),
	(216, '重庆三峡医药高等专科学校', 4),
	(217, '重庆医药高等专科学校', 4),
	(218, '重庆航天职业技术学院', 4),
	(219, '重庆传媒职业学院', 4),
	(220, '重庆房地产职业学院', 4),
	(221, '重庆青年职业技术学院', 4),
	(222, '重庆财经职业学院', 4),
	(223, '重庆科创职业学院', 4),
	(224, '重庆建筑工程职业学院', 4),
	(225, '重庆电讯职业学院', 4),
	(226, '重庆能源职业学院', 4),
	(227, '重庆商务职业学院', 4),
	(228, '重庆交通职业学院', 4),
	(229, '重庆化工职业学院', 4),
	(230, '重庆旅游职业学院', 4),
	(231, '重庆安全技术职业学院', 4),
	(232, '重庆公共运输职业学院', 4),
	(233, '重庆艺术工程职业学院', 4),
	(234, '重庆轻工职业学院', 4),
	(235, '重庆电信职业学院', 4),
	(236, '重庆经贸职业学院', 4),
	(237, '重庆文化艺术职业学院', 4),
	(238, '重庆服装工程职业学院', 4),
	(239, '重庆工业职业技术学院', 4),
	(240, '重庆三峡职业学院', 4),
	(241, '重庆工贸职业技术学院', 4),
	(242, '重庆机电职业技术学院', 4),
	(243, '重庆正大软件职业技术学院', 4),
	(244, '重庆电子工程职业学院', 4),
	(245, '重庆海联职业技术学院', 4),
	(246, '重庆信息技术职业学院', 4),
	(247, '重庆城市管理职业学院', 4),
	(248, '重庆工程职业技术学院', 4),
	(249, '重庆城市职业学院', 4),
	(250, '重庆水利电力职业技术学院', 4),
	(251, '重庆工商职业学院', 4),
	(252, '重庆民生职业技术学院', 4),
	(253, '东北石油大学', 5),
	(254, '黑龙江八一农垦大学', 5),
	(255, '大庆师范学院', 5),
	(256, '大庆医学高等专科学校', 5),
	(257, '大庆职业学院', 5),
	(258, '大兴安岭职业学院', 6),
	(259, '东北林业大学', 7),
	(260, '哈尔滨工业大学', 7),
	(261, '哈尔滨工程大学', 7),
	(262, '黑龙江大学', 7),
	(263, '哈尔滨理工大学', 7),
	(264, '黑龙江科技大学', 7),
	(265, '东北农业大学', 7),
	(266, '哈尔滨医科大学', 7),
	(267, '黑龙江中医药大学', 7),
	(268, '哈尔滨师范大学', 7),
	(269, '哈尔滨商业大学', 7),
	(270, '哈尔滨体育学院', 7),
	(271, '哈尔滨金融学院', 7),
	(272, '哈尔滨学院', 7),
	(273, '黑龙江工程学院', 7),
	(274, '黑龙江东方学院', 7),
	(275, '黑龙江外国语学院', 7),
	(276, '黑龙江财经学院', 7),
	(277, '哈尔滨石油学院', 7),
	(278, '哈尔滨远东理工学院', 7),
	(279, '哈尔滨剑桥学院', 7),
	(280, '哈尔滨广厦学院', 7),
	(281, '哈尔滨华德学院', 7),
	(282, '黑龙江护理高等专科学校', 7),
	(283, '哈尔滨幼儿师范高等专科学校', 7),
	(284, '黑龙江职业学院', 7),
	(285, '黑龙江建筑职业技术学院', 7),
	(286, '哈尔滨传媒职业学院', 7),
	(287, '哈尔滨江南职业技术学院', 7),
	(288, '哈尔滨应用职业技术学院', 7),
	(289, '哈尔滨科学技术职业学院', 7),
	(290, '黑龙江粮食职业学院', 7),
	(291, '哈尔滨工程技术职业学院', 7),
	(292, '哈尔滨华夏计算机职业技术学院', 7),
	(293, '黑龙江艺术职业学院', 7),
	(294, '黑龙江农业工程职业学院', 7),
	(295, '黑龙江农垦职业学院', 7),
	(296, '黑龙江司法警官职业学院', 7),
	(297, '哈尔滨电力职业技术学院', 7),
	(298, '哈尔滨铁道职业技术学院', 7),
	(299, '哈尔滨职业技术学院', 7),
	(300, '黑龙江生物科技职业学院', 7),
	(301, '黑龙江公安警官职业学院', 7),
	(302, '黑龙江信息技术职业学院', 7),
	(303, '黑龙江旅游职业技术学院', 7),
	(304, '黑龙江三江美术职业学院', 7),
	(305, '黑龙江生态工程职业学院', 7),
	(306, '黑龙江民族职业学院', 7),
	(307, '鹤岗师范高等专科学校', 8),
	(308, '黑河学院', 9),
	(309, '黑龙江工业学院', 10),
	(310, '佳木斯大学', 11),
	(311, '佳木斯职业学院', 11),
	(312, '牡丹江医学院', 12),
	(313, '牡丹江师范学院', 12),
	(314, '黑龙江幼儿师范高等专科学校', 12),
	(315, '牡丹江大学', 12),
	(316, '黑龙江林业职业技术学院', 12),
	(317, '黑龙江农业职业技术学院', 12),
	(318, '黑龙江农业经济职业学院', 12),
	(319, '黑龙江商业职业学院', 12),
	(320, '七台河职业学院', 13),
	(321, '齐齐哈尔大学', 14),
	(322, '齐齐哈尔医学院', 14),
	(323, '齐齐哈尔工程学院', 14),
	(324, '齐齐哈尔高等师范专科学校', 14),
	(325, '黑龙江交通职业技术学院', 14),
	(326, '齐齐哈尔理工职业学院', 14),
	(327, '黑龙江煤炭职业技术学院', 15),
	(328, '绥化学院', 16),
	(329, '黑龙江农垦科技职业学院', 16),
	(330, '伊春职业学院', 17),
	(331, '白城师范学院', 18),
	(332, '白城医学高等专科学校', 18),
	(333, '白城职业技术学院', 18),
	(334, '长白山职业技术学院', 19),
	(335, '北华大学', 20),
	(336, '东北电力大学', 20),
	(337, '吉林化工学院', 20),
	(338, '吉林农业科技学院', 20),
	(339, '吉林医药学院', 20),
	(340, '吉林铁道职业技术学院', 20),
	(341, '吉林电子信息职业技术学院', 20),
	(342, '吉林工业职业技术学院', 20),
	(343, '辽源职业技术学院', 21),
	(344, '吉林师范大学', 22),
	(345, '四平职业大学', 22),
	(346, '吉林农业工程职业技术学院', 22),
	(347, '松原职业技术学院', 23),
	(348, '通化师范学院', 24),
	(349, '延边大学', 25),
	(350, '延边职业技术学院', 25),
	(351, '吉林大学', 26),
	(352, '东北师范大学', 26),
	(353, '长春理工大学', 26),
	(354, '长春工业大学', 26),
	(355, '吉林建筑大学', 26),
	(356, '吉林农业大学', 26),
	(357, '长春中医药大学', 26),
	(358, '长春师范大学', 26),
	(359, '吉林财经大学', 26),
	(360, '长春大学', 26),
	(361, '吉林工程技术师范学院', 26),
	(362, '吉林体育学院', 26),
	(363, '吉林艺术学院', 26),
	(364, '吉林华桥外国语学院', 26),
	(365, '吉林工商学院', 26),
	(366, '长春工程学院', 26),
	(367, '吉林警察学院', 26),
	(368, '长春光华学院', 26),
	(369, '长春建筑学院', 26),
	(370, '长春科技学院', 26),
	(371, '吉林动画学院', 26),
	(372, '长春汽车工业高等专科学校', 26),
	(373, '长春金融高等专科学校', 26),
	(374, '长春医学高等专科学校', 26),
	(375, '吉林交通职业技术学院', 26),
	(376, '吉林科技职业技术学院', 26),
	(377, '吉林城市职业技术学院', 26),
	(378, '长春东方职业学院', 26),
	(379, '吉林司法警官职业学院', 26),
	(380, '长春职业技术学院', 26),
	(381, '长春信息技术职业学院', 26),
	(382, '辽宁科技大学', 27),
	(383, '鞍山师范学院', 27),
	(384, '辽宁科技学院', 28),
	(385, '辽宁冶金职业技术学院', 28),
	(386, '朝阳师范高等专科学校', 29),
	(387, '大连理工大学', 30),
	(388, '大连海事大学', 30),
	(389, '大连交通大学', 30),
	(390, '大连工业大学', 30),
	(391, '大连海洋大学', 30),
	(392, '大连医科大学', 30),
	(393, '辽宁师范大学', 30),
	(394, '大连外国语大学', 30),
	(395, '东北财经大学', 30),
	(396, '大连大学', 30),
	(397, '大连民族学院', 30),
	(398, '大连科技学院', 30),
	(399, '大连财经学院', 30),
	(400, '大连艺术学院', 30),
	(401, '大连东软信息学院', 30),
	(402, '辽宁对外经贸学院', 30),
	(403, '辽宁警官高等专科学校', 30),
	(404, '辽宁税务高等专科学校', 30),
	(405, '大连职业技术学院', 30),
	(406, '大连航运职业技术学院', 30),
	(407, '大连装备制造职业技术学院', 30),
	(408, '大连汽车职业技术学院', 30),
	(409, '辽宁轻工职业学院', 30),
	(410, '大连商务职业学院', 30),
	(411, '大连软件职业学院', 30),
	(412, '大连翻译职业学院', 30),
	(413, '大连枫叶职业技术学院', 30),
	(414, '辽东学院', 31),
	(415, '辽宁地质工程职业学院', 31),
	(416, '辽宁机电职业技术学院', 31),
	(417, '辽宁石油化工大学', 32),
	(418, '抚顺师范高等专科学校', 32),
	(419, '抚顺职业技术学院', 32),
	(420, '辽宁工程技术大学', 33),
	(421, '阜新高等专科学校', 33),
	(422, '辽宁财贸学院', 34),
	(423, '渤海船舶职业学院', 34),
	(424, '辽宁工业大学', 35),
	(425, '渤海大学', 35),
	(426, '辽宁医学院', 35),
	(427, '锦州师范高等专科学校', 35),
	(428, '辽宁理工职业学院', 35),
	(429, '辽宁铁道职业技术学院', 35),
	(430, '辽宁石化职业技术学院', 35),
	(431, '辽宁轨道交通职业学院', 36),
	(432, '辽宁建筑职业学院', 36),
	(433, '辽阳职业技术学院', 36),
	(434, '盘锦职业技术学院', 37),
	(435, '辽河石油职业技术学院', 37),
	(436, '东北大学', 38),
	(437, '辽宁大学', 38),
	(438, '沈阳工业大学', 38),
	(439, '沈阳航空航天大学', 38),
	(440, '沈阳理工大学', 38),
	(441, '沈阳化工大学', 38),
	(442, '沈阳建筑大学', 38),
	(443, '沈阳农业大学', 38),
	(444, '中国医科大学', 38),
	(445, '辽宁中医药大学', 38),
	(446, '沈阳药科大学', 38),
	(447, '沈阳师范大学', 38),
	(448, '沈阳大学', 38),
	(449, '中国刑事警察学院', 38),
	(450, '沈阳医学院', 38),
	(451, '沈阳体育学院', 38),
	(452, '沈阳音乐学院', 38),
	(453, '鲁迅美术学院', 38),
	(454, '沈阳工程学院', 38),
	(455, '沈阳工学院', 38),
	(456, '沈阳城市建设学院', 38),
	(457, '沈阳城市学院', 38),
	(458, '辽宁何氏医学院', 38),
	(459, '辽宁交通高等专科学校', 38),
	(460, '辽宁民族师范高等专科学校', 38),
	(461, '辽宁现代服务职业技术学院', 38),
	(462, '辽宁城市建设职业技术学院', 38),
	(463, '辽宁卫生职业技术学院', 38),
	(464, '沈阳北软信息职业技术学院', 38),
	(465, '辽宁政法职业学院', 38),
	(466, '辽宁水利职业学院', 38),
	(467, '沈阳航空职业技术学院', 38),
	(468, '辽宁体育运动职业技术学院', 38),
	(469, '辽宁林业职业技术学院', 38),
	(470, '沈阳职业技术学院', 38),
	(471, '辽宁金融职业学院', 38),
	(472, '辽宁广告职业学院', 38),
	(473, '辽宁经济职业技术学院', 38),
	(474, '辽宁美术职业学院', 38),
	(475, '辽宁商贸职业学院', 38),
	(476, '辽宁装备制造职业技术学院', 38),
	(477, '铁岭师范高等专科学校', 39),
	(478, '辽宁工程职业学院', 39),
	(479, '铁岭卫生职业学院', 39),
	(480, '辽宁职业学院', 39),
	(481, '营口理工学院', 40),
	(482, '辽宁农业职业技术学院', 40),
	(483, '营口职业技术学院', 40),
	(484, '滨州医学院', 41),
	(485, '滨州学院', 41),
	(486, '滨州职业学院', 41),
	(487, '德州学院', 42),
	(488, '德州职业技术学院', 42),
	(489, '德州科技职业学院', 42),
	(490, '山东华宇职业技术学院', 42),
	(491, '东营职业学院', 43),
	(492, '山东大王职业学院', 43),
	(493, '山东胜利职业学院', 43),
	(494, '菏泽学院', 44),
	(495, '菏泽医学专科学校', 44),
	(496, '菏泽家政职业学院', 44),
	(497, '菏泽职业学院', 44),
	(498, '山东大学', 45),
	(499, '济南大学', 45),
	(500, '山东建筑大学', 45),
	(501, '齐鲁工业大学', 45),
	(502, '山东中医药大学', 45),
	(503, '山东师范大学', 45),
	(504, '山东财经大学', 45),
	(505, '山东体育学院', 45),
	(506, '山东艺术学院', 45),
	(507, '山东工艺美术学院', 45),
	(508, '山东警察学院', 45),
	(509, '山东交通学院', 45),
	(510, '山东女子学院', 45),
	(511, '山东英才学院', 45),
	(512, '山东协和学院', 45),
	(513, '齐鲁师范学院', 45),
	(514, '山东青年政治学院', 45),
	(515, '山东管理学院', 45),
	(516, '山东农业工程学院', 45),
	(517, '山东政法学院', 45),
	(518, '山东电力高等专科学校', 45),
	(519, '济南幼儿师范高等专科学校', 45),
	(520, '山东商业职业技术学院', 45),
	(521, '山东职业学院', 45),
	(522, '山东传媒职业学院', 45),
	(523, '济南护理职业学院', 45),
	(524, '山东劳动职业技术学院', 45),
	(525, '山东力明科技职业学院', 45),
	(526, '山东圣翰财贸职业学院', 45),
	(527, '山东现代职业学院', 45),
	(528, '济南职业学院', 45),
	(529, '山东凯文科技职业学院', 45),
	(530, '济南工程职业技术学院', 45),
	(531, '山东电子职业技术学院', 45),
	(532, '山东旅游职业学院', 45),
	(533, '山东杏林科技职业学院', 45),
	(534, '山东外事翻译职业学院', 45),
	(535, '山东城市建设职业学院', 45),
	(536, '山东司法警官职业学院', 45),
	(537, '曲阜师范大学', 46),
	(538, '济宁医学院', 46),
	(539, '济宁学院', 46),
	(540, '山东理工职业学院', 46),
	(541, '曲阜远东职业技术学院', 46),
	(542, '济宁职业技术学院', 46),
	(543, '莱芜职业技术学院', 47),
	(544, '聊城大学', 48),
	(545, '聊城职业技术学院', 48),
	(546, '临沂大学', 49),
	(547, '山东医学高等专科学校', 49),
	(548, '临沂职业学院', 49),
	(549, '中国海洋大学', 50),
	(550, '山东科技大学', 50),
	(551, '青岛科技大学', 50),
	(552, '青岛理工大学', 50),
	(553, '青岛农业大学', 50),
	(554, '青岛大学', 50),
	(555, '青岛滨海学院', 50),
	(556, '青岛黄海学院', 50),
	(557, '青岛工学院', 50),
	(558, '青岛远洋船员职业学院', 50),
	(559, '青岛职业技术学院', 50),
	(560, '青岛飞洋职业技术学院', 50),
	(561, '山东外贸职业学院', 50),
	(562, '青岛酒店管理职业技术学院', 50),
	(563, '青岛港湾职业技术学院', 50),
	(564, '青岛恒星职业技术学院', 50),
	(565, '青岛求实职业技术学院', 50),
	(566, '日照职业技术学院', 51),
	(567, '山东水利职业学院', 51),
	(568, '山东外国语职业学院', 51),
	(569, '山东农业大学', 52),
	(570, '泰山医学院', 52),
	(571, '泰山学院', 52),
	(572, '泰山护理职业学院', 52),
	(573, '山东服装职业学院', 52),
	(574, '泰山职业技术学院', 52),
	(575, '威海职业学院', 53),
	(576, '山东药品食品职业学院', 53),
	(577, '潍坊医学院', 54),
	(578, '潍坊学院', 54),
	(579, '潍坊科技学院', 54),
	(580, '山东海事职业学院', 54),
	(581, '潍坊护理职业学院', 54),
	(582, '潍坊工程职业学院', 54),
	(583, '潍坊职业学院', 54),
	(584, '山东科技职业学院', 54),
	(585, '山东畜牧兽医职业学院', 54),
	(586, '山东交通职业学院', 54),
	(587, '山东信息职业技术学院', 54),
	(588, '山东经贸职业学院', 54),
	(589, '潍坊工商职业学院', 54),
	(590, '鲁东大学', 55),
	(591, '烟台大学', 55),
	(592, '山东工商学院', 55),
	(593, '烟台南山学院', 55),
	(594, '山东中医药高等专科学校', 55),
	(595, '烟台工程职业技术学院', 55),
	(596, '山东文化产业职业学院', 55),
	(597, '烟台职业学院', 55),
	(598, '山东商务职业学院', 55),
	(599, '烟台汽车工程职业学院', 55),
	(600, '枣庄学院', 56),
	(601, '枣庄职业学院', 56),
	(602, '枣庄科技职业学院', 56),
	(603, '山东理工大学', 57),
	(604, '山东万杰医学院', 57),
	(605, '淄博师范高等专科学校', 57),
	(606, '淄博职业学院', 57),
	(607, '山东工业职业学院', 57),
	(608, '山东化工职业学院', 57),
	(609, '山东铝业职业学院', 57),
	(610, '山东丝绸纺织职业学院', 57),
	(611, '山西大同大学', 58),
	(612, '大同煤炭职业技术学院', 58),
	(613, '晋城职业技术学院', 59),
	(614, '山西农业大学', 60),
	(615, '晋中学院', 60),
	(616, '晋中师范高等专科学校', 60),
	(617, '山西同文职业技术学院', 60),
	(618, '晋中职业技术学院', 60),
	(619, '山西师范大学', 61),
	(620, '临汾职业技术学院', 61),
	(621, '山西信息职业技术学院', 61),
	(622, '山西管理职业学院', 61),
	(623, '吕梁学院', 62),
	(624, '朔州师范高等专科学校', 63),
	(625, '朔州职业技术学院', 63),
	(626, '山西大学', 64),
	(627, '太原科技大学', 64),
	(628, '中北大学', 64),
	(629, '太原理工大学', 64),
	(630, '山西医科大学', 64),
	(631, '山西财经大学', 64),
	(632, '太原师范学院', 64),
	(633, '山西中医学院', 64),
	(634, '太原学院', 64),
	(635, '山西工商学院', 64),
	(636, '太原工业学院', 64),
	(637, '山西传媒学院', 64),
	(638, '太原电力高等专科学校', 64),
	(639, '山西省财政税务专科学校', 64),
	(640, '山西警官高等专科学校', 64),
	(641, '山西药科职业学院', 64),
	(642, '山西职业技术学院', 64),
	(643, '山西老区职业技术学院', 64),
	(644, '山西经贸职业学院', 64),
	(645, '山西轻工职业技术学院', 64),
	(646, '山西青年职业学院', 64),
	(647, '山西艺术职业学院', 64),
	(648, '山西建筑职业技术学院', 64),
	(649, '山西工程职业技术学院', 64),
	(650, '山西交通职业技术学院', 64),
	(651, '山西兴华职业学院', 64),
	(652, '山西戏剧职业学院', 64),
	(653, '山西财贸职业技术学院', 64),
	(654, '山西林业职业技术学院', 64),
	(655, '山西煤炭职业技术学院', 64),
	(656, '山西金融职业学院', 64),
	(657, '太原城市职业技术学院', 64),
	(658, '山西体育职业学院', 64),
	(659, '山西警官职业学院', 64),
	(660, '山西国际商务职业学院', 64),
	(661, '太原旅游职业学院', 64),
	(662, '山西旅游职业学院', 64),
	(663, '山西电力职业技术学院', 64),
	(664, '山西华澳商贸职业学院', 64),
	(665, '忻州师范学院', 65),
	(666, '忻州职业技术学院', 65),
	(667, '阳泉师范高等专科学校', 66),
	(668, '阳泉职业技术学院', 66),
	(669, '运城学院', 67),
	(670, '运城师范高等专科学校', 67),
	(671, '运城幼儿师范高等专科学校', 67),
	(672, '运城职业技术学院', 67),
	(673, '运城护理职业学院', 67),
	(674, '山西水利职业技术学院', 67),
	(675, '山西运城农业职业技术学院', 67),
	(676, '长治医学院', 68),
	(677, '长治学院', 68),
	(678, '长治职业技术学院', 68),
	(679, '山西机电职业技术学院', 68),
	(680, '潞安职业技术学院', 68),
	(681, '安康学院', 69),
	(682, '安康职业技术学院', 69),
	(683, '宝鸡文理学院', 70),
	(684, '宝鸡职业技术学院', 70),
	(685, '陕西理工学院', 71),
	(686, '陕西航空职业技术学院', 71),
	(687, '汉中职业技术学院', 71),
	(688, '商洛学院', 72),
	(689, '商洛职业技术学院', 72),
	(690, '铜川职业技术学院', 73),
	(691, '渭南师范学院', 74),
	(692, '陕西铁路工程职业技术学院', 74),
	(693, '渭南职业技术学院', 74),
	(694, '西安交通大学', 75),
	(695, '西安电子科技大学', 75),
	(696, '长安大学', 75),
	(697, '陕西师范大学', 75),
	(698, '西北工业大学', 75),
	(699, '西北大学', 75),
	(700, '西安理工大学', 75),
	(701, '西安工业大学', 75),
	(702, '西安建筑科技大学', 75),
	(703, '西安科技大学', 75),
	(704, '西安石油大学', 75),
	(705, '陕西科技大学', 75),
	(706, '西安工程大学', 75),
	(707, '西安外国语大学', 75),
	(708, '西北政法大学', 75),
	(709, '西安邮电大学', 75),
	(710, '西安体育学院', 75),
	(711, '西安音乐学院', 75),
	(712, '西安美术学院', 75),
	(713, '西安文理学院', 75),
	(714, '西安培华学院', 75),
	(715, '西安财经学院', 75),
	(716, '西安航空学院', 75),
	(717, '西安医学院', 75),
	(718, '西安思源学院', 75),
	(719, '陕西学前师范学院', 75),
	(720, '西安欧亚学院', 75),
	(721, '西安外事学院', 75),
	(722, '西安翻译学院', 75),
	(723, '西京学院', 75),
	(724, '西安电力高等专科学校', 75),
	(725, '西安医学高等专科学校', 75),
	(726, '西安城市建设职业学院', 75),
	(727, '陕西工商职业学院', 75),
	(728, '陕西艺术职业学院', 75),
	(729, '陕西国防工业职业技术学院', 75),
	(730, '西安航空职业技术学院', 75),
	(731, '陕西交通职业技术学院', 75),
	(732, '陕西职业技术学院', 75),
	(733, '西安高新科技职业学院', 75),
	(734, '西安科技商贸职业学院', 75),
	(735, '陕西电子信息职业技术学院', 75),
	(736, '西安海棠职业学院', 75),
	(737, '西安汽车科技职业学院', 75),
	(738, '西安东方亚太职业技术学院', 75),
	(739, '陕西警官职业学院', 75),
	(740, '陕西经济管理职业技术学院', 75),
	(741, '西安铁路职业技术学院', 75),
	(742, '西安职业技术学院', 75),
	(743, '陕西青年职业学院', 75),
	(744, '陕西电子科技职业学院', 75),
	(745, '西北农林科技大学', 76),
	(746, '陕西中医学院', 76),
	(747, '咸阳师范学院', 76),
	(748, '陕西国际商贸学院', 76),
	(749, '陕西服装工程学院', 76),
	(750, '陕西工业职业技术学院', 76),
	(751, '杨凌职业技术学院', 76),
	(752, '陕西能源职业技术学院', 76),
	(753, '陕西财经职业技术学院', 76),
	(754, '陕西邮电职业技术学院', 76),
	(755, '咸阳职业技术学院', 76),
	(756, '陕西旅游烹饪职业学院', 76),
	(757, '延安大学', 77),
	(758, '延安职业技术学院', 77),
	(759, '榆林学院', 78),
	(760, '榆林职业技术学院', 78),
	(761, '河北大学', 79),
	(762, '河北农业大学', 79),
	(763, '中央司法警官学院', 79),
	(764, '保定学院', 79),
	(765, '河北金融学院', 79),
	(766, '河北科技学院', 79),
	(767, '保定幼儿师范高等专科学校', 79),
	(768, '冀中职业学院', 79),
	(769, '河北工艺美术职业学院', 79),
	(770, '河北软件职业技术学院', 79),
	(771, '保定职业技术学院', 79),
	(772, '保定电力职业技术学院', 79),
	(773, '保山学院', 79),
	(774, '保山中医药高等专科学校', 79),
	(775, '沧州师范学院', 80),
	(776, '河北工程技术高等专科学校', 80),
	(777, '沧州医学高等专科学校', 80),
	(778, '泊头职业学院', 80),
	(779, '渤海理工职业学院', 80),
	(780, '沧州职业技术学院', 80),
	(781, '渤海石油职业学院', 80),
	(782, '承德医学院', 81),
	(783, '河北民族师范学院', 81),
	(784, '承德石油高等专科学校', 81),
	(785, '河北旅游职业学院', 81),
	(786, '承德护理职业学院', 81),
	(787, '河北工程大学', 82),
	(788, '邯郸学院', 82),
	(789, '邯郸职业技术学院', 82),
	(790, '河北司法警官职业学院', 82),
	(791, '衡水学院', 83),
	(792, '衡水职业技术学院', 83),
	(793, '中国人民武装警察部队学院', 84),
	(794, '廊坊师范学院', 84),
	(795, '北华航天工业学院', 84),
	(796, '廊坊东方职业技术学院', 84),
	(797, '廊坊燕京职业技术学院', 84),
	(798, '廊坊卫生职业学院', 84),
	(799, '河北石油职业技术学院', 84),
	(800, '廊坊职业技术学院', 84),
	(801, '燕山大学', 85),
	(802, '河北科技师范学院', 85),
	(803, '河北外国语职业学院', 85),
	(804, '河北建材职业技术学院', 85),
	(805, '秦皇岛职业技术学院', 85),
	(806, '防灾科技学院', 86),
	(807, '华北科技学院', 86),
	(808, '燕京理工学院', 86),
	(809, '河北科技大学', 87),
	(810, '河北医科大学', 87),
	(811, '河北师范大学', 87),
	(812, '石家庄铁道大学', 87),
	(813, '河北经贸大学', 87),
	(814, '石家庄经济学院', 87),
	(815, '石家庄学院', 87),
	(816, '河北体育学院', 87),
	(817, '河北美术学院', 87),
	(818, '河北外国语学院', 87),
	(819, '河北中医学院', 87),
	(820, '河北传媒学院', 87),
	(821, '石家庄人民医学高等专科学校', 87),
	(822, '石家庄幼儿师范高等专科学校', 87),
	(823, '石家庄医学高等专科学校', 87),
	(824, '河北工业职业技术学院', 87),
	(825, '石家庄职业技术学院', 87),
	(826, '石家庄工程职业学院', 87),
	(827, '石家庄城市经济职业学院', 87),
	(828, '石家庄城市职业学院', 87),
	(829, '石家庄财经职业学院', 87),
	(830, '石家庄邮电职业技术学院', 87),
	(831, '石家庄理工职业学院', 87),
	(832, '石家庄经济职业学院', 87),
	(833, '石家庄科技工程职业学院', 87),
	(834, '河北劳动关系职业学院', 87),
	(835, '石家庄科技职业学院', 87),
	(836, '河北轨道运输职业技术学院', 87),
	(837, '河北政法职业学院', 87),
	(838, '石家庄铁路职业技术学院', 87),
	(839, '河北省艺术职业学院', 87),
	(840, '河北交通职业技术学院', 87),
	(841, '河北化工医药职业技术学院', 87),
	(842, '石家庄信息工程职业学院', 87),
	(843, '河北公安警察职业学院', 87),
	(844, '石家庄工商职业学院', 87),
	(845, '石家庄科技信息职业学院', 87),
	(846, '河北女子职业技术学院', 87),
	(847, '宁夏理工学院', 87),
	(848, '河北联合大学', 88),
	(849, '唐山师范学院', 88),
	(850, '唐山学院', 88),
	(851, '河北能源职业技术学院', 88),
	(852, '唐山职业技术学院', 88),
	(853, '唐山工业职业技术学院', 88),
	(854, '唐山科技职业技术学院', 88),
	(855, '邢台学院', 90),
	(856, '邢台医学高等专科学校', 90),
	(857, '邢台职业技术学院', 90),
	(858, '河北机电职业技术学院', 90),
	(859, '河北建筑工程学院', 91),
	(860, '河北北方学院', 91),
	(861, '张家口学院', 91),
	(862, '张家口职业技术学院', 91),
	(863, '宣化科技职业学院', 91),
	(864, '安阳师范学院', 92),
	(865, '安阳工学院', 92),
	(866, '安阳幼儿师范高等专科学校', 92),
	(867, '安阳职业技术学院', 92),
	(868, '河南护理职业学院', 92),
	(869, '鹤壁汽车工程职业学院', 93),
	(870, '鹤壁职业技术学院', 93),
	(871, '济源职业技术学院', 94),
	(872, '河南理工大学', 95),
	(873, '焦作师范高等专科学校', 95),
	(874, '焦作大学', 95),
	(875, '河南工业和信息化职业学院', 95),
	(876, '焦作工贸职业学院', 95),
	(877, '河南大学', 96),
	(878, '开封大学', 96),
	(879, '黄河水利职业技术学院', 96),
	(880, '开封文化艺术职业学院', 96),
	(881, '河南科技大学', 97),
	(882, '洛阳师范学院', 97),
	(883, '洛阳理工学院', 97),
	(884, '河南林业职业学院', 97),
	(885, '河南推拿职业学院', 97),
	(886, '洛阳职业技术学院', 97),
	(887, '洛阳科技职业学院', 97),
	(888, '漯河医学高等专科学校', 98),
	(889, '漯河职业技术学院', 98),
	(890, '漯河食品职业学院', 98),
	(891, '南阳师范学院', 99),
	(892, '南阳理工学院', 99),
	(893, '南阳医学高等专科学校', 99),
	(894, '南阳职业学院', 99),
	(895, '南阳农业职业学院', 99),
	(896, '河南工业职业技术学院', 99),
	(897, '平顶山学院', 100),
	(898, '河南城建学院', 100),
	(899, '平顶山工业职业技术学院', 100),
	(900, '河南质量工程职业学院', 100),
	(901, '濮阳职业技术学院', 101),
	(902, '三门峡职业技术学院', 102),
	(903, '商丘师范学院', 103),
	(904, '商丘工学院', 103),
	(905, '商丘学院', 103),
	(906, '商丘医学高等专科学校', 103),
	(907, '商丘职业技术学院', 103),
	(908, '永城职业学院', 103),
	(909, '河南师范大学', 104),
	(910, '河南科技学院', 104),
	(911, '新乡医学院', 104),
	(912, '新乡学院', 104),
	(913, '河南机电高等专科学校', 104),
	(914, '新乡职业技术学院', 104),
	(915, '长垣烹饪职业技术学院', 104),
	(916, '信阳师范学院', 105),
	(917, '信阳农林学院', 105),
	(918, '信阳涉外职业技术学院', 105),
	(919, '信阳职业技术学院', 105),
	(920, '许昌学院', 106),
	(921, '许昌陶瓷职业学院', 106),
	(922, '许昌电气职业学院', 106),
	(923, '许昌职业技术学院', 106),
	(924, '华北水利水电大学', 107),
	(925, '郑州大学', 107),
	(926, '河南工业大学', 107),
	(927, '河南农业大学', 107),
	(928, '河南财经政法大学', 107),
	(929, '铁道警察学院', 107),
	(930, '郑州轻工业学院', 107),
	(931, '中原工学院', 107),
	(932, '河南牧业经济学院', 107),
	(933, '河南中医学院', 107),
	(934, '郑州航空工业管理学院', 107),
	(935, '河南工程学院', 107),
	(936, '河南警察学院', 107),
	(937, '黄河科技学院', 107),
	(938, '郑州科技学院', 107),
	(939, '郑州华信学院', 107),
	(940, '郑州师范学院', 107),
	(941, '郑州成功财经学院', 107),
	(942, '郑州升达经贸管理学院', 107),
	(943, '河南财政税务高等专科学校', 107),
	(944, '郑州电力高等专科学校', 107),
	(945, '郑州幼儿师范高等专科学校', 107),
	(946, '河南医学高等专科学校', 107),
	(947, '郑州澍青医学高等专科学校', 107),
	(948, '河南职业技术学院', 107),
	(949, '郑州铁路职业技术学院', 107),
	(950, '中州大学', 107),
	(951, '河南水利与环境职业学院', 107),
	(952, '河南信息统计职业学院', 107),
	(953, '郑州电力职业技术学院', 107),
	(954, '河南建筑职业技术学院', 107),
	(955, '郑州城市职业学院', 107),
	(956, '郑州理工职业学院', 107),
	(957, '郑州信息工程职业学院', 107),
	(958, '河南化工职业学院', 107),
	(959, '河南艺术职业学院', 107),
	(960, '河南机电职业学院', 107),
	(961, '郑州商贸旅游职业学院', 107),
	(962, '郑州黄河护理职业学院', 107),
	(963, '郑州财税金融职业学院', 107),
	(964, '河南司法警官职业学院', 107),
	(965, '郑州经贸职业学院', 107),
	(966, '郑州交通职业学院', 107),
	(967, '河南检察职业学院', 107),
	(968, '郑州信息科技职业学院', 107),
	(969, '郑州电子信息职业技术学院', 107),
	(970, '嵩山少林武术职业学院', 107),
	(971, '郑州工业安全职业学院', 107),
	(972, '河南经贸职业学院', 107),
	(973, '河南交通职业技术学院', 107),
	(974, '河南农业职业学院', 107),
	(975, '郑州旅游职业学院', 107),
	(976, '郑州职业技术学院', 107),
	(977, '河南工业贸易职业学院', 107),
	(978, '周口师范学院', 108),
	(979, '周口科技职业学院', 108),
	(980, '周口职业技术学院', 108),
	(981, '黄淮学院', 109),
	(982, '驻马店职业技术学院', 109),
	(983, '鄂州职业大学', 110),
	(984, '鄂东职业技术学院', 110),
	(985, '湖北民族学院', 111),
	(986, '恩施职业技术学院', 111),
	(987, '黄冈师范学院', 112),
	(988, '黄冈职业技术学院', 112),
	(989, '黄冈科技职业学院', 112),
	(990, '湖北师范学院', 113),
	(991, '湖北理工学院', 113),
	(992, '黄石职业技术学院', 113),
	(993, '荆楚理工学院', 114),
	(994, '长江大学', 114),
	(995, '湖北中医药高等专科学校', 114),
	(996, '荆州理工职业学院', 114),
	(997, '荆州职业技术学院', 114),
	(998, '湖北国土资源职业学院', 114),
	(999, '江汉艺术职业学院', 116),
	(1000, '湖北汽车工业学院', 117),
	(1001, '湖北医药学院', 117),
	(1002, '郧阳师范高等专科学校', 117),
	(1003, '湖北工业职业技术学院', 117),
	(1004, '随州职业技术学院', 118),
	(1005, '天门职业学院', 119),
	(1006, '武汉大学', 120),
	(1007, '华中科技大学', 120),
	(1008, '中国地质大学', 120),
	(1009, '武汉理工大学', 120),
	(1010, '华中农业大学', 120),
	(1011, '华中师范大学', 120),
	(1012, '中南财经政法大学', 120),
	(1013, '中南民族大学', 120),
	(1014, '武汉科技大学', 120),
	(1015, '武汉工程大学', 120),
	(1016, '武汉纺织大学', 120),
	(1017, '武汉轻工大学', 120),
	(1018, '湖北工业大学', 120),
	(1019, '湖北中医药大学', 120),
	(1020, '湖北大学', 120),
	(1021, '江汉大学', 120),
	(1022, '武汉体育学院', 120),
	(1023, '湖北美术学院', 120),
	(1024, '湖北警官学院', 120),
	(1025, '武汉音乐学院', 120),
	(1026, '湖北经济学院', 120),
	(1027, '武汉商学院', 120),
	(1028, '武汉东湖学院', 120),
	(1029, '汉口学院', 120),
	(1030, '武昌理工学院', 120),
	(1031, '武昌工学院', 120),
	(1032, '武汉长江工商学院', 120),
	(1033, '湖北第二师范学院', 120),
	(1034, '武汉生物工程学院', 120),
	(1035, '湖北幼儿师范高等专科学校', 120),
	(1036, '武汉职业技术学院', 120),
	(1037, '长江职业学院', 120),
	(1038, '武汉城市职业学院', 120),
	(1039, '武汉船舶职业技术学院', 120),
	(1040, '武汉工程职业技术学院', 120),
	(1041, '武昌职业学院', 120),
	(1042, '湖北科技职业学院', 120),
	(1043, '湖北青年职业学院', 120),
	(1044, '湖北体育职业学院', 120),
	(1045, '武汉工贸职业学院', 120),
	(1046, '湖北轻工职业技术学院', 120),
	(1047, '湖北交通职业技术学院', 120),
	(1048, '武汉航海职业技术学院', 120),
	(1049, '武汉铁路职业技术学院', 120),
	(1050, '武汉软件工程职业学院', 120),
	(1051, '武汉电力职业技术学院', 120),
	(1052, '湖北水利水电职业技术学院', 120),
	(1053, '湖北城市建设职业技术学院', 120),
	(1054, '武汉警官职业学院', 120),
	(1055, '湖北生物科技职业学院', 120),
	(1056, '湖北开放职业学院', 120),
	(1057, '武汉科技职业学院', 120),
	(1058, '武汉外语外事职业学院', 120),
	(1059, '武汉信息传播职业技术学院', 120),
	(1060, '武汉商贸职业学院', 120),
	(1061, '湖北艺术职业学院', 120),
	(1062, '武汉交通职业学院', 120),
	(1063, '长江工程职业技术学院', 120),
	(1064, '武汉工业职业技术学院', 120),
	(1065, '武汉民政职业学院', 120),
	(1066, '湖北财税职业学院', 120),
	(1067, '湖北生态工程职业技术学院', 120),
	(1068, '仙桃职业学院', 121),
	(1069, '湖北科技学院', 122),
	(1070, '咸宁职业技术学院', 122),
	(1071, '湖北文理学院', 123),
	(1072, '襄阳职业技术学院', 123),
	(1073, '襄阳汽车职业技术学院', 123),
	(1074, '湖北工程学院', 124),
	(1075, '湖北职业技术学院', 124),
	(1076, '三峡大学', 125),
	(1077, '三峡电力职业学院', 125),
	(1078, '三峡旅游职业技术学院', 125),
	(1079, '湖北三峡职业技术学院', 125),
	(1080, '湖南文理学院', 126),
	(1081, '湖南幼儿师范高等专科学校', 126),
	(1082, '湖南高尔夫旅游职业学院', 126),
	(1083, '常德职业技术学院', 126),
	(1084, '湖南同德职业学院', 126),
	(1085, '湘南学院', 127),
	(1086, '郴州职业技术学院', 127),
	(1087, '南华大学', 128),
	(1088, '衡阳师范学院', 128),
	(1089, '长沙医学院', 128),
	(1090, '湖南工学院', 128),
	(1091, '湖南环境生物职业技术学院', 128),
	(1092, '湖南高速铁路职业技术学院', 128),
	(1093, '湖南工商职业学院', 128),
	(1094, '衡阳财经工业职业技术学院', 128),
	(1095, '湖南科技经贸职业学院', 128),
	(1096, '怀化学院', 129),
	(1097, '怀化医学高等专科学校', 129),
	(1098, '怀化职业技术学院', 129),
	(1099, '吉首大学', 130),
	(1100, '湘西民族职业技术学院', 130),
	(1101, '湖南人文科技学院', 131),
	(1102, '娄底职业技术学院', 131),
	(1103, '潇湘职业学院', 131),
	(1104, '邵阳学院', 132),
	(1105, '邵阳医学高等专科学校', 132),
	(1106, '邵阳职业技术学院', 132),
	(1107, '湘潭大学', 133),
	(1108, '湖南科技大学', 133),
	(1109, '湖南工程学院', 133),
	(1110, '湖南电气职业技术学院', 133),
	(1111, '湖南电子科技职业学院', 133),
	(1112, '湖南科技工业职业技术学院', 133),
	(1113, '湖南吉利汽车职业技术学院', 133),
	(1114, '湘潭职业技术学院', 133),
	(1115, '湖南城建职业技术学院', 133),
	(1116, '湖南理工职业技术学院', 133),
	(1117, '湖南软件职业学院', 133),
	(1118, '湖南城市学院', 134),
	(1119, '益阳医学高等专科学校', 134),
	(1120, '益阳职业技术学院', 134),
	(1121, '湖南工艺美术职业学院', 134),
	(1122, '湖南科技学院', 135),
	(1123, '永州职业技术学院', 135),
	(1124, '湖南九嶷职业技术学院', 135),
	(1125, '湖南理工学院', 136),
	(1126, '岳阳职业技术学院', 136),
	(1127, '湖南石油化工职业技术学院', 136),
	(1128, '湖南民族职业学院', 136),
	(1129, '张家界航空工业职业技术学院', 137),
	(1130, '湖南大学', 138),
	(1131, '中南大学', 138),
	(1132, '长沙理工大学', 138),
	(1133, '湖南农业大学', 138),
	(1134, '湖南中医药大学', 138),
	(1135, '湖南师范大学', 138),
	(1136, '湖南商学院', 138),
	(1137, '长沙学院', 138),
	(1138, '湖南财政经济学院', 138),
	(1139, '湖南警察学院', 138),
	(1140, '湖南女子学院', 138),
	(1141, '湖南第一师范学院', 138),
	(1142, '长沙师范学院', 138),
	(1143, '湖南涉外经济学院', 138),
	(1144, '湖南税务高等专科学校', 138),
	(1145, '长沙航空职业技术学院', 138),
	(1146, '长沙民政职业技术学院', 138),
	(1147, '湖南工业职业技术学院', 138),
	(1148, '湖南信息职业技术学院', 138),
	(1149, '湖南生物机电职业技术学院', 138),
	(1150, '湖南外贸职业学院', 138),
	(1151, '湖南邮电职业技术学院', 138),
	(1152, '湖南外国语职业学院', 138),
	(1153, '湖南都市职业学院', 138),
	(1154, '湖南三一工业职业技术学院', 138),
	(1155, '长沙卫生职业学院', 138),
	(1156, '湖南食品药品职业学院', 138),
	(1157, '湖南大众传媒职业技术学院', 138),
	(1158, '湖南科技职业学院', 138),
	(1159, '湖南交通职业技术学院', 138),
	(1160, '湖南商务职业技术学院', 138),
	(1161, '湖南体育职业学院', 138),
	(1162, '湖南工程职业技术学院', 138),
	(1163, '保险职业学院', 138),
	(1164, '湖南网络工程职业学院', 138),
	(1165, '湖南司法警官职业学院', 138),
	(1166, '长沙商贸旅游职业技术学院', 138),
	(1167, '长沙环境保护职业技术学院', 138),
	(1168, '湖南艺术职业学院', 138),
	(1169, '湖南机电职业技术学院', 138),
	(1170, '长沙职业技术学院', 138),
	(1171, '长沙南方职业学院', 138),
	(1172, '湖南信息科学职业学院', 138),
	(1173, '长沙电力职业技术学院', 138),
	(1174, '湖南水利水电职业技术学院', 138),
	(1175, '湖南现代物流职业技术学院', 138),
	(1176, '湖南安全技术职业学院', 138),
	(1177, '湖南工业大学', 139),
	(1178, '中南林业科技大学', 139),
	(1179, '株洲师范高等专科学校', 139),
	(1180, '湖南中医药高等专科学校', 139),
	(1181, '湖南冶金职业技术学院', 139),
	(1182, '湖南有色金属职业技术学院', 139),
	(1183, '湖南铁道职业技术学院', 139),
	(1184, '湖南化工职业技术学院', 139),
	(1185, '株洲职业技术学院', 139),
	(1186, '湖南铁路科技职业技术学院', 139),
	(1187, '海南大学', 140),
	(1188, '海南师范大学', 140),
	(1189, '海南医学院', 140),
	(1190, '海口经济学院', 140),
	(1191, '琼台师范高等专科学校', 140),
	(1192, '海南工商职业学院', 140),
	(1193, '海南科技职业学院', 140),
	(1194, '海南职业技术学院', 140),
	(1195, '海南政法职业学院', 140),
	(1196, '海南经贸职业技术学院', 140),
	(1197, '海南软件职业技术学院', 141),
	(1198, '三亚学院', 142),
	(1199, '三亚理工职业学院', 142),
	(1200, '三亚城市职业学院', 142),
	(1201, '三亚航空旅游职业学院', 142),
	(1202, '海南外国语职业学院', 143),
	(1203, '琼州学院', 144),
	(1204, '常州大学', 145),
	(1205, '常州工学院', 145),
	(1206, '江苏理工学院', 145),
	(1207, '常州信息职业技术学院', 145),
	(1208, '常州纺织服装职业技术学院', 145),
	(1209, '常州轻工职业技术学院', 145),
	(1210, '常州工程职业技术学院', 145),
	(1211, '建东职业技术学院', 145),
	(1212, '常州机电职业技术学院', 145),
	(1213, '淮阴师范学院', 146),
	(1214, '淮阴工学院', 146),
	(1215, '江苏食品药品职业技术学院', 146),
	(1216, '淮安信息职业技术学院', 146),
	(1217, '江苏财经职业技术学院', 146),
	(1218, '淮海工学院', 147),
	(1219, '连云港师范高等专科学校', 147),
	(1220, '连云港职业技术学院', 147),
	(1221, '南京大学', 148),
	(1222, '东南大学', 148),
	(1223, '河海大学', 148),
	(1224, '南京农业大学', 148),
	(1225, '中国药科大学', 148),
	(1226, '南京航空航天大学', 148),
	(1227, '南京理工大学', 148),
	(1228, '南京工业大学', 148),
	(1229, '南京邮电大学', 148),
	(1230, '南京林业大学', 148),
	(1231, '南京医科大学', 148),
	(1232, '南京中医药大学', 148),
	(1233, '南京师范大学', 148),
	(1234, '南京财经大学', 148),
	(1235, '南京森林警察学院', 148),
	(1236, '南京信息工程大学', 148),
	(1237, '江苏警官学院', 148),
	(1238, '南京体育学院', 148),
	(1239, '南京艺术学院', 148),
	(1240, '金陵科技学院', 148),
	(1241, '三江学院', 148),
	(1242, '南京工程学院', 148),
	(1243, '南京审计学院', 148),
	(1244, '南京晓庄学院', 148),
	(1245, '江苏第二师范学院', 148),
	(1246, '江苏城市职业学院', 148),
	(1247, '南京工业职业技术学院', 148),
	(1248, '南京城市职业学院', 148),
	(1249, '南京机电职业技术学院', 148),
	(1250, '南京旅游职业学院', 148),
	(1251, '江苏建康职业学院', 148),
	(1252, '江苏经贸职业技术学院', 148),
	(1253, '南京特殊教育职业技术学院', 148),
	(1254, '江苏联合职业技术学院', 148),
	(1255, '江苏海事职业技术学院', 148),
	(1256, '应天职业技术学院', 148),
	(1257, '南京交通职业技术学院', 148),
	(1258, '南京化工职业技术学院', 148),
	(1259, '正德职业技术学院', 148),
	(1260, '钟山职业技术学院', 148),
	(1261, '金肯职业技术学院', 148),
	(1262, '南京铁道职业技术学院', 148),
	(1263, '南京信息职业技术学院', 148),
	(1264, '南京视觉艺术职业学院', 148),
	(1265, '南通大学', 149),
	(1266, '南通纺织职业技术学院', 149),
	(1267, '南通职业大学', 149),
	(1268, '江苏商贸职业学院', 149),
	(1269, '紫琅职业技术学院', 149),
	(1270, '南通农业职业技术学院', 149),
	(1271, '南通航运职业技术学院', 149),
	(1272, '苏州大学', 150),
	(1273, '西交利物浦大学', 150),
	(1274, '苏州科技学院', 150),
	(1275, '常熟理工学院', 150),
	(1276, '苏州工艺美术职业技术学院', 150),
	(1277, '苏州职业大学', 150),
	(1278, '沙洲职业工学院', 150),
	(1279, '苏州卫生职业技术学院', 150),
	(1280, '苏州高博软件技术职业学院', 150),
	(1281, '苏州信息职业技术学院', 150),
	(1282, '苏州工业园区服务外包职业学院', 150),
	(1283, '硅湖职业技术学院', 150),
	(1284, '苏州经贸职业技术学院', 150),
	(1285, '苏州工业职业技术学院', 150),
	(1286, '苏州托普信息职业技术学院', 150),
	(1287, '苏州农业职业技术学院', 150),
	(1288, '苏州工业园区职业技术学院', 150),
	(1289, '健雄职业技术学院', 150),
	(1290, '苏州港大思培科技职业学院', 150),
	(1291, '昆山登云科技职业学院', 150),
	(1292, '泰州学院', 151),
	(1293, '泰州职业技术学院', 151),
	(1294, '江苏农牧科技职业学院', 151),
	(1295, '江南大学', 152),
	(1296, '无锡太湖学院', 152),
	(1297, '无锡职业技术学院', 152),
	(1298, '无锡科技职业学院', 152),
	(1299, '无锡商业职业技术学院', 152),
	(1300, '太湖创意职业技术学院', 152),
	(1301, '无锡南洋职业技术学院', 152),
	(1302, '江南影视艺术职业学院', 152),
	(1303, '江苏信息职业技术学院', 152),
	(1304, '江阴职业技术学院', 152),
	(1305, '无锡城市职业技术学院', 152),
	(1306, '无锡工艺职业技术学院', 152),
	(1307, '宿迁泽达职业技术学院', 153),
	(1308, '宿迁职业技术学院', 153),
	(1309, '中国矿业大学', 154),
	(1310, '江苏师范大学', 154),
	(1311, '徐州医学院', 154),
	(1312, '徐州工程学院', 154),
	(1313, '徐州幼儿师范高等专科学校', 154),
	(1314, '江苏建筑职业技术学院', 154),
	(1315, '徐州生物工程职业技术学院', 154),
	(1316, '九州职业技术学院', 154),
	(1317, '徐州工业职业技术学院', 154),
	(1318, '盐城工学院', 155),
	(1319, '盐城师范学院', 155),
	(1320, '民办明达职业技术学院', 155),
	(1321, '盐城卫生职业技术学院', 155),
	(1322, '盐城工业职业技术学院', 155),
	(1323, '炎黄职业技术学院', 155),
	(1324, '扬州大学', 156),
	(1325, '扬州市职业大学', 156),
	(1326, '扬州环境资源职业技术学院', 156),
	(1327, '江海职业技术学院', 156),
	(1328, '扬州工业职业技术学院', 156),
	(1329, '江苏科技大学', 157),
	(1330, '江苏大学', 157),
	(1331, '镇江市高等专科学校', 157),
	(1332, '江苏农林职业技术学院', 157),
	(1333, '金山职业技术学院', 157),
	(1334, '东华理工大学', 158),
	(1335, '江西中医药高等专科学校', 158),
	(1336, '抚州职业技术学院', 158),
	(1337, '江西理工大学', 159),
	(1338, '赣南医学院', 159),
	(1339, '赣南师范学院', 159),
	(1340, '赣州师范高等专科学校', 159),
	(1341, '江西环境工程职业学院', 159),
	(1342, '江西应用技术职业学院', 159),
	(1343, '井冈山大学', 160),
	(1344, '景德镇陶瓷学院', 161),
	(1345, '景德镇学院', 161),
	(1346, '景德镇陶瓷职业技术学院', 161),
	(1347, '江西陶瓷工艺美术职业技术学院', 161),
	(1348, '九江学院', 162),
	(1349, '九江职业大学', 162),
	(1350, '九江职业技术学院', 162),
	(1351, '江西枫林涉外经贸职业学院', 162),
	(1352, '共青科技职业学院', 162),
	(1353, '江西财经职业学院', 162),
	(1354, '南昌大学', 163),
	(1355, '华东交通大学', 163),
	(1356, '南昌航空大学', 163),
	(1357, '江西农业大学', 163),
	(1358, '江西中医药大学', 163),
	(1359, '江西师范大学', 163),
	(1360, '江西财经大学', 163),
	(1361, '江西科技师范大学', 163),
	(1362, '江西科技学院', 163),
	(1363, '南昌工程学院', 163),
	(1364, '江西警察学院', 163),
	(1365, '江西服装学院', 163),
	(1366, '南昌工学院', 163),
	(1367, '南昌师范学院', 163),
	(1368, '南昌理工学院', 163),
	(1369, '南昌师范高等专科学校', 163),
	(1370, '江西工业职业技术学院', 163),
	(1371, '南昌职业学院', 163),
	(1372, '江西泰豪动漫职业学院', 163),
	(1373, '江西管理职业学院', 163),
	(1374, '江西新闻出版职业技术学院', 163),
	(1375, '江西工商职业技术学院', 163),
	(1376, '江西水利职业学院', 163),
	(1377, '江西司法警官职业学院', 163),
	(1378, '江西旅游商贸职业学院', 163),
	(1379, '江西电力职业技术学院', 163),
	(1380, '江西艺术职业学院', 163),
	(1381, '江西城市职业学院', 163),
	(1382, '江西信息应用职业技术学院', 163),
	(1383, '江西交通职业技术学院', 163),
	(1384, '江西现代职业技术学院', 163),
	(1385, '江西机电职业技术学院', 163),
	(1386, '江西科技职业学院', 163),
	(1387, '江西外语外贸职业学院', 163),
	(1388, '江西工业贸易职业技术学院', 163),
	(1389, '江西生物科技职业学院', 163),
	(1390, '江西建设职业技术学院', 163),
	(1391, '江西先锋软件职业技术学院', 163),
	(1392, '江西经济管理职业学院', 163),
	(1393, '江西制造职业技术学院', 163),
	(1394, '江西工程职业学院', 163),
	(1395, '江西青年职业学院', 163),
	(1396, '江西航空职业技术学院', 163),
	(1397, '江西护理职业技术学院', 163),
	(1398, '萍乡学院', 164),
	(1399, '江西工业工程职业技术学院', 164),
	(1400, '江西应用工程职业学院', 164),
	(1401, '上饶师范学院', 165),
	(1402, '江西医学高等专科学校', 165),
	(1403, '上饶职业技术学院', 165),
	(1404, '新余学院', 166),
	(1405, '江西太阳能科技职业学院', 166),
	(1406, '江西冶金职业技术学院', 166),
	(1407, '江西渝州科技职业学院', 166),
	(1408, '赣西科技职业学院', 166),
	(1409, '宜春学院', 167),
	(1410, '宜春职业技术学院', 167),
	(1411, '江西农业工程职业学院', 167),
	(1412, '鹰潭职业技术学院', 168),
	(1413, '韩山师范学院', 169),
	(1414, '东莞理工学院', 170),
	(1415, '广东科技学院', 170),
	(1416, '东莞职业技术学院', 170),
	(1417, '广东创新科技职业学院', 170),
	(1418, '广东亚视演艺职业学院', 170),
	(1419, '佛山科学技术学院', 171),
	(1420, '顺德职业技术学院', 171),
	(1421, '南海东软信息技术职业学院', 171),
	(1422, '广东职业技术学院', 171),
	(1423, '广东环境保护工程职业学院', 171),
	(1424, '佛山职业技术学院', 171),
	(1425, '中山大学', 172),
	(1426, '华南理工大学', 172),
	(1427, '暨南大学', 172),
	(1428, '华南农业大学', 172),
	(1429, '广州医科大学', 172),
	(1430, '广州中医药大学', 172),
	(1431, '华南师范大学', 172),
	(1432, '广州大学', 172),
	(1433, '广东工业大学', 172),
	(1434, '广东外语外贸大学', 172),
	(1435, '北京师范大学-香港浸会大学\n联合国际学院', 172),
	(1436, '南方医科大学', 172),
	(1437, '广东财经大学', 172),
	(1438, '广东药学院', 172),
	(1439, '广州体育学院', 172),
	(1440, '广州美术学院', 172),
	(1441, '星海音乐学院', 172),
	(1442, '广东技术师范学院', 172),
	(1443, '广东白云学院', 172),
	(1444, '广州航海学院', 172),
	(1445, '广东警官学院', 172),
	(1446, '仲恺农业工程学院', 172),
	(1447, '广东金融学院', 172),
	(1448, '广东培正学院', 172),
	(1449, '广东第二师范学院', 172),
	(1450, '民办南华工商学院', 172),
	(1451, '私立华联学院', 172),
	(1452, '广州民航职业技术学院', 172),
	(1453, '广东轻工职业技术学院', 172),
	(1454, '广东交通职业技术学院', 172),
	(1455, '广东水利电力职业技术学院', 172),
	(1456, '广州番禺职业技术学院', 172),
	(1457, '广东科贸职业学院', 172),
	(1458, '广州科技贸易职业学院', 172),
	(1459, '广州珠江职业技术学院', 172),
	(1460, '广州松田职业学院', 172),
	(1461, '广州城建职业学院', 172),
	(1462, '广州华商职业学院', 172),
	(1463, '广州华夏职业学院', 172),
	(1464, '广东青年职业学院', 172),
	(1465, '广州东华职业学院', 172),
	(1466, '广东舞蹈戏剧职业学院', 172),
	(1467, '广东财经职业学院', 172),
	(1468, '广东农工商职业技术学院', 172),
	(1469, '广东科学技术职业学院', 172),
	(1470, '广东食品药品职业学院', 172),
	(1471, '广州康大职业技术学院', 172),
	(1472, '广东行政职业学院', 172),
	(1473, '广东体育职业技术学院', 172),
	(1474, '广东建设职业技术学院', 172),
	(1475, '广东女子职业技术学院', 172),
	(1476, '广东机电职业技术学院', 172),
	(1477, '广东岭南职业技术学院', 172),
	(1478, '广东邮电职业技术学院', 172),
	(1479, '广东工贸职业技术学院', 172),
	(1480, '广东司法警官职业学院', 172),
	(1481, '广东省外语艺术职业学院', 172),
	(1482, '广东文艺职业学院', 172),
	(1483, '广州体育职业技术学院', 172),
	(1484, '广州工程技术职业学院', 172),
	(1485, '广州工商职业技术学院', 172),
	(1486, '广州涉外经济职业技术学院', 172),
	(1487, '广州南洋理工职业学院', 172),
	(1488, '广州科技职业技术学院', 172),
	(1489, '广州现代信息工程职业技术学院', 172),
	(1490, '广东理工职业学院', 172),
	(1491, '广州华南商贸职业学院', 172),
	(1492, '广州华立科技职业学院', 172),
	(1493, '广州城市职业学院', 172),
	(1494, '广东工程职业技术学院', 172),
	(1495, '广州铁路职业技术学院', 172),
	(1496, '广东白云学院', 172),
	(1497, '广东培正学院', 172),
	(1498, '民办南华工商学院', 172),
	(1499, '私立华联学院', 172),
	(1500, '广州康大职业技术学院', 172),
	(1501, '广东岭南职业技术学院', 172),
	(1502, '广州工商职业技术学院', 172),
	(1503, '广州涉外经济职业技术学院', 172),
	(1504, '广州南洋理工职业学院', 172),
	(1505, '广州科技职业技术学院', 172),
	(1506, '广州现代信息工程职业技术学院', 172),
	(1507, '广州华南商贸职业学院', 172),
	(1508, '广州华立科技职业学院', 172),
	(1509, '广州珠江职业技术学院', 172),
	(1510, '广州松田职业学院', 172),
	(1511, '广州城建职业学院', 172),
	(1512, '广州华商职业学院', 172),
	(1513, '广州华夏职业学院', 172),
	(1514, '广州东华职业学院', 172),
	(1515, '河源职业技术学院', 173),
	(1516, '惠州学院', 174),
	(1517, '惠州卫生职业技术学院', 174),
	(1518, '惠州经济职业技术学院', 174),
	(1519, '五邑大学', 175),
	(1520, '广东南方职业学院', 175),
	(1521, '江门职业技术学院', 175),
	(1522, '潮汕职业技术学院', 176),
	(1523, '揭阳职业技术学院', 176),
	(1524, '广东石油化工学院', 177),
	(1525, '茂名职业技术学院', 177),
	(1526, '嘉应学院', 178),
	(1527, '清远职业技术学院', 179),
	(1528, '汕头大学', 180),
	(1529, '汕头职业技术学院', 180),
	(1530, '汕尾职业技术学院', 181),
	(1531, '韶关学院', 182),
	(1532, '广东松山职业技术学院', 182),
	(1533, '深圳大学', 183),
	(1534, '南方科技大学', 183),
	(1535, '深圳职业技术学院', 183),
	(1536, '广东新安职业技术学院', 183),
	(1537, '深圳信息职业技术学院', 183),
	(1538, '阳江职业技术学院', 184),
	(1539, '罗定职业技术学院', 185),
	(1540, '广东海洋大学', 186),
	(1541, '广东医学院', 186),
	(1542, '湛江师范学院', 186),
	(1543, '广东文理职业学院', 186),
	(1544, '肇庆学院', 187),
	(1545, '肇庆医学高等专科学校', 187),
	(1546, '广东信息工程职业学院', 187),
	(1547, '肇庆科技职业技术学院', 187),
	(1548, '肇庆工商职业技术学院', 187),
	(1549, '中山职业技术学院', 188),
	(1550, '中山火炬职业技术学院', 188),
	(1551, '珠海艺术职业学院', 189),
	(1552, '珠海城市职业技术学院', 189),
	(1553, '右江民族医学院', 190),
	(1554, '百色学院', 190),
	(1555, '百色职业学院', 190),
	(1556, '广西工程职业学院', 190),
	(1557, '广西培贤国际职业学院', 190),
	(1558, '北海职业学院', 191),
	(1559, '北海艺术设计职业学院', 191),
	(1560, '广西民族师范学院', 192),
	(1561, '广西理工职业技术学院', 192),
	(1562, '广西科技职业学院', 192),
	(1563, '广西城市职业学院', 192),
	(1564, '贵港职业学院', 193),
	(1565, '桂林电子科技大学', 194),
	(1566, '桂林理工大学', 194),
	(1567, '广西师范大学', 194),
	(1568, '桂林医学院', 194),
	(1569, '桂林航天工业学院', 194),
	(1570, '桂林旅游高等专科学校', 194),
	(1571, '桂林师范高等专科学校', 194),
	(1572, '桂林山水职业学院', 194),
	(1573, '河池学院', 195),
	(1574, '广西现代职业技术学院', 195),
	(1575, '贺州学院', 196),
	(1576, '广西科技大学', 197),
	(1577, '柳州师范高等专科学校', 197),
	(1578, '柳州职业技术学院', 197),
	(1579, '柳州铁道职业技术学院', 197),
	(1580, '柳州城市职业学院', 197),
	(1581, '广西生态工程职业技术学院', 197),
	(1582, '广西大学', 198),
	(1583, '广西医科大学', 198),
	(1584, '广西中医药大学', 198),
	(1585, '广西民族大学', 198),
	(1586, '广西师范学院', 198),
	(1587, '广西艺术学院', 198),
	(1588, '广西财经学院', 198),
	(1589, '南宁学院', 198),
	(1590, '广西外国语学院', 198),
	(1591, '广西体育高等专科学校', 198),
	(1592, '广西幼儿师范高等专科学校', 198),
	(1593, '广西警官高等专科学校', 198),
	(1594, '广西机电职业技术学院', 198),
	(1595, '南宁职业技术学院', 198),
	(1596, '广西职业技术学院', 198),
	(1597, '广西经济职业学院', 198),
	(1598, '广西卫生职业技术学院', 198),
	(1599, '广西水利电力职业技术学院', 198),
	(1600, '广西交通职业技术学院', 198),
	(1601, '广西工业职业技术学院', 198),
	(1602, '广西国际商务职业技术学院', 198),
	(1603, '广西农业职业技术学院', 198),
	(1604, '广西建设职业技术学院', 198),
	(1605, '广西经贸职业技术学院', 198),
	(1606, '广西工商职业技术学院', 198),
	(1607, '广西演艺职业学院', 198),
	(1608, '广西电力职业技术学院', 198),
	(1609, '钦州学院', 199),
	(1610, '广西英华国际职业学院', 199),
	(1611, '梧州学院', 200),
	(1612, '梧州职业学院', 200),
	(1613, '玉林师范学院', 201),
	(1614, '楚雄师范学院', 203),
	(1615, '楚雄医药高等专科学校', 203),
	(1616, '云南现代职业技术学院', 203),
	(1617, '大理学院', 204),
	(1618, '大理农林职业技术学院', 204),
	(1619, '德宏师范高等专科学校', 205),
	(1620, '德宏职业学院', 205),
	(1621, '云南锡业职业技术学院', 206),
	(1622, '西双版纳职业技术学院', 207),
	(1623, '云南大学', 208),
	(1624, '昆明理工大学', 208),
	(1625, '云南农业大学', 208),
	(1626, '西南林业大学', 208),
	(1627, '昆明医科大学', 208),
	(1628, '云南师范大学', 208),
	(1629, '云南财经大学', 208),
	(1630, '云南民族大学', 208),
	(1631, '云南中医学院', 208),
	(1632, '昆明学院', 208),
	(1633, '云南艺术学院', 208),
	(1634, '云南警官学院', 208),
	(1635, '云南工商学院', 208),
	(1636, '昆明冶金高等专科学校', 208),
	(1637, '云南城市建设职业学院', 208),
	(1638, '云南工程职业学院', 208),
	(1639, '云南经贸外事职业学院', 208),
	(1640, '云南商务职业学院', 208),
	(1641, '昆明卫生职业学院', 208),
	(1642, '云南旅游职业学院', 208),
	(1643, '云南外事外语职业学院', 208),
	(1644, '云南国土资源职业学院', 208),
	(1645, '云南交通职业技术学院', 208),
	(1646, '昆明工业职业技术学院', 208),
	(1647, '云南农业职业技术学院', 208),
	(1648, '云南司法警官职业学院', 208),
	(1649, '云南文化艺术职业学院', 208),
	(1650, '云南体育运动职业技术学院', 208),
	(1651, '云南经济管理职业学院', 208),
	(1652, '云南科技信息职业学院', 208),
	(1653, '昆明艺术职业学院', 208),
	(1654, '云南国防工业职业技术学院', 208),
	(1655, '云南机电职业技术学院', 208),
	(1656, '云南林业职业技术学院', 208),
	(1657, '云南新兴职业学院', 208),
	(1658, '丽江师范高等专科学校', 209),
	(1659, '临沧师范高等专科学校', 210),
	(1660, '红河学院', 211),
	(1661, '红河卫生职业学院', 211),
	(1662, '普洱学院', 212),
	(1663, '云南热带作物职业学院', 212),
	(1664, '曲靖师范学院', 213),
	(1665, '曲靖医学高等专科学校', 213),
	(1666, '云南能源职业技术学院', 213),
	(1667, '文山学院', 214),
	(1668, '云南三鑫职业技术学院', 214),
	(1669, '玉溪师范学院', 215),
	(1670, '玉溪农业职业技术学院', 215),
	(1671, '昭通学院', 216),
	(1672, '安顺学院', 217),
	(1673, '安顺职业技术学院', 217),
	(1674, '毕节学院', 218),
	(1675, '毕节职业技术学院', 218),
	(1676, '黔南民族师范学院', 219),
	(1677, '黔南民族医学高等专科学校', 219),
	(1678, '黔南民族职业技术学院', 219),
	(1679, '贵州大学', 220),
	(1680, '贵州师范大学', 220),
	(1681, '贵州财经大学', 220),
	(1682, '贵州民族大学', 220),
	(1683, '贵阳医学院', 220),
	(1684, '贵阳中医学院', 220),
	(1685, '贵阳学院', 220),
	(1686, '贵州师范学院', 220),
	(1687, '贵州理工学院', 220),
	(1688, '贵州商业高等专科学校', 220),
	(1689, '贵阳幼儿师范高等专科学校', 220),
	(1690, '贵州工业职业技术学院', 220),
	(1691, '贵阳职业技术学院', 220),
	(1692, '贵州职业技术学院', 220),
	(1693, '贵州工商职业学院', 220),
	(1694, '贵州警官职业学院', 220),
	(1695, '贵州交通职业技术学院', 220),
	(1696, '贵州亚泰职业学院', 220),
	(1697, '贵州电力职业技术学院', 220),
	(1698, '贵州轻工职业技术学院', 220),
	(1699, '贵阳护理职业学院', 220),
	(1700, '凯里学院', 221),
	(1701, '贵州电子信息职业技术学院', 221),
	(1702, '黔东南民族职业技术学院', 221),
	(1703, '六盘水师范学院', 222),
	(1704, '六盘水职业技术学院', 222),
	(1705, '贵州盛华职业学院', 223),
	(1706, '铜仁学院', 224),
	(1707, '铜仁幼儿师范高等专科学校', 224),
	(1708, '铜仁职业技术学院', 224),
	(1709, '兴义民族师范学院', 225),
	(1710, '黔西南民族职业技术学院', 225),
	(1711, '遵义医学院', 226),
	(1712, '遵义师范学院', 226),
	(1713, '遵义医药高等专科学校', 226),
	(1714, '贵州航天职业技术学院', 226),
	(1715, '遵义职业技术学院', 226),
	(1716, '巴中职业技术学院', 227),
	(1717, '四川大学', 228),
	(1718, '西南交通大学', 228),
	(1719, '电子科技大学', 228),
	(1720, '西南财经大学', 228),
	(1721, '西南民族大学', 228),
	(1722, '成都理工大学', 228),
	(1723, '西华大学', 228),
	(1724, '成都中医药大学', 228),
	(1725, '四川师范大学', 228),
	(1726, '成都信息工程学院', 228),
	(1727, '成都体育学院', 228),
	(1728, '四川音乐学院', 228),
	(1729, '成都学院', 228),
	(1730, '成都工业学院', 228),
	(1731, '四川旅游学院', 228),
	(1732, '成都东软学院', 228),
	(1733, '四川传媒学院', 228),
	(1734, '成都师范学院', 228),
	(1735, '成都医学院', 228),
	(1736, '成都纺织高等专科学校', 228),
	(1737, '民办四川天一学院', 228),
	(1738, '成都航空职业技术学院', 228),
	(1739, '四川艺术职业学院', 228),
	(1740, '四川科技职业学院', 228),
	(1741, '四川财经职业学院', 228),
	(1742, '四川城市职业学院', 228),
	(1743, '四川现代职业学院', 228),
	(1744, '四川长江职业学院', 228),
	(1745, '四川三河职业学院', 228),
	(1746, '四川电影电视职业学院', 228),
	(1747, '四川文轩职业学院', 228),
	(1748, '四川电力职业技术学院', 228),
	(1749, '成都职业技术学院', 228),
	(1750, '四川水利职业技术学院', 228),
	(1751, '四川航天职业技术学院', 228),
	(1752, '四川邮电职业技术学院', 228),
	(1753, '四川交通职业技术学院', 228),
	(1754, '四川工商职业技术学院', 228),
	(1755, '四川托普信息技术职业学院', 228),
	(1756, '四川国际标榜职业学院', 228),
	(1757, '成都农业科技职业学院', 228),
	(1758, '成都艺术职业学院', 228),
	(1759, '四川商务职业学院', 228),
	(1760, '四川文化传媒职业学院', 228),
	(1761, '四川华新现代职业学院', 228),
	(1762, '四川管理职业学院', 228),
	(1763, '四川文化产业职业学院', 228),
	(1764, '四川文理学院', 229),
	(1765, '达州职业技术学院', 229),
	(1766, '四川工业管理职业学院', 230),
	(1767, '四川工程职业技术学院', 230),
	(1768, '四川建筑职业技术学院', 230),
	(1769, '四川司法警官职业学院', 230),
	(1770, '四川民族学院', 231),
	(1771, '广安职业技术学院', 232),
	(1772, '中国民用航空飞行学院', 233),
	(1773, '川北幼儿师范高等专科学校', 234),
	(1774, '四川信息职业技术学院', 234),
	(1775, '乐山师范学院', 235),
	(1776, '乐山职业技术学院', 235),
	(1777, '泸州医学院', 236),
	(1778, '四川警察学院', 236),
	(1779, '四川化工职业技术学院', 236),
	(1780, '泸州职业技术学院', 236),
	(1781, '眉山职业技术学院', 237),
	(1782, '西南科技大学', 238),
	(1783, '绵阳师范学院', 238),
	(1784, '四川幼儿师范高等专科学校', 238),
	(1785, '四川中医药高等专科学校', 238),
	(1786, '四川汽车职业技术学院', 238),
	(1787, '四川电子机械职业技术学院', 238),
	(1788, '绵阳职业技术学院', 238),
	(1789, '西华师范大学', 239),
	(1790, '西南石油大学', 239),
	(1791, '川北医学院', 239),
	(1792, '南充职业技术学院', 239),
	(1793, '内江师范学院', 240),
	(1794, '内江职业技术学院', 240),
	(1795, '攀枝花学院', 241),
	(1796, '四川机电职业技术学院', 241),
	(1797, '四川职业技术学院', 242),
	(1798, '阿坝师范高等专科学校', 243),
	(1799, '西昌学院', 244),
	(1800, '四川农业大学', 245),
	(1801, '雅安职业技术学院', 245),
	(1802, '阿拉善职业技术学院', 246),
	(1803, '宜宾学院', 246),
	(1804, '宜宾职业技术学院', 246),
	(1805, '四川希望汽车职业学院', 247),
	(1806, '四川理工学院', 248),
	(1807, '四川卫生康复职业学院', 248),
	(1808, '河套学院', 250),
	(1809, '内蒙古美术职业学院', 250),
	(1810, '内蒙古科技大学', 251),
	(1811, '包头职业技术学院', 251),
	(1812, '包头铁道职业技术学院', 251),
	(1813, '包头轻工职业技术学院', 251),
	(1814, '包头钢铁职业技术学院', 251),
	(1815, '赤峰学院', 252),
	(1816, '赤峰职业技术学院', 252),
	(1817, '赤峰工业职业技术学院', 252),
	(1818, '内蒙古交通职业技术学院', 252),
	(1819, '内蒙古民族幼儿师范高等专科学校', 253),
	(1820, '鄂尔多斯职业学院', 253),
	(1821, '内蒙古大学', 254),
	(1822, '内蒙古工业大学', 254),
	(1823, '内蒙古农业大学', 254),
	(1824, '内蒙古医科大学', 254),
	(1825, '内蒙古师范大学', 254),
	(1826, '内蒙古财经大学', 254),
	(1827, '呼和浩特民族学院', 254),
	(1828, '内蒙古建筑职业技术学院', 254),
	(1829, '内蒙古丰州职业学院', 254),
	(1830, '内蒙古科技职业学院', 254),
	(1831, '内蒙古北方职业技术学院', 254),
	(1832, '内蒙古经贸外语职业学院', 254),
	(1833, '内蒙古工业职业学院', 254),
	(1834, '内蒙古能源职业学院', 254),
	(1835, '呼和浩特职业学院', 254),
	(1836, '内蒙古电子信息职业技术学院', 254),
	(1837, '内蒙古机电职业技术学院', 254),
	(1838, '内蒙古化工职业学院', 254),
	(1839, '内蒙古商贸职业学院', 254),
	(1840, '内蒙古警察职业学院', 254),
	(1841, '内蒙古体育职业学院', 254),
	(1842, '呼伦贝尔学院', 255),
	(1843, '呼伦贝尔职业技术学院', 255),
	(1844, '满洲里俄语职业学院', 255),
	(1845, '内蒙古民族大学', 256),
	(1846, '通辽职业学院', 256),
	(1847, '科尔沁艺术职业学院', 256),
	(1848, '乌海职业技术学院', 257),
	(1849, '集宁师范学院', 258),
	(1850, '乌兰察布医学高等专科学校', 258),
	(1851, '乌兰察布职业学院', 258),
	(1852, '锡林郭勒职业学院', 259),
	(1853, '兴安职业技术学院', 260),
	(1854, '宁夏师范学院', 261),
	(1855, '宁夏民族职业技术学院', 263),
	(1856, '北方民族大学', 264),
	(1857, '宁夏大学', 264),
	(1858, '宁夏医科大学', 264),
	(1859, '银川能源学院', 264),
	(1860, '宁夏防沙治沙职业技术学院', 264),
	(1861, '宁夏工业职业学院', 264),
	(1862, '宁夏职业技术学院', 264),
	(1863, '宁夏工商职业技术学院', 264),
	(1864, '宁夏财经职业技术学院', 264),
	(1865, '宁夏司法警官职业学院', 264),
	(1866, '宁夏建设职业技术学院', 264),
	(1867, '白银矿冶职业技术学院', 265),
	(1868, '定西师范高等专科学校', 266),
	(1869, '甘肃民族师范学院', 267),
	(1870, '甘肃钢铁职业技术学院', 268),
	(1871, '甘肃有色冶金职业技术学院', 269),
	(1872, '酒泉职业技术学院', 270),
	(1873, '兰州大学', 271),
	(1874, '西北民族大学', 271),
	(1875, '兰州理工大学', 271),
	(1876, '兰州交通大学', 271),
	(1877, '甘肃农业大学', 271),
	(1878, '西北师范大学', 271),
	(1879, '甘肃中医学院', 271),
	(1880, '兰州城市学院', 271),
	(1881, '兰州商学院', 271),
	(1882, '甘肃政法学院', 271),
	(1883, '兰州文理学院', 271),
	(1884, '兰州工业学院', 271),
	(1885, '兰州石化职业技术学院', 271),
	(1886, '甘肃建筑职业技术学院', 271),
	(1887, '兰州外语职业学院', 271),
	(1888, '兰州职业技术学院', 271),
	(1889, '甘肃警察职业学院', 271),
	(1890, '甘肃交通职业技术学院', 271),
	(1891, '兰州资源环境职业技术学院', 271),
	(1892, '甘肃农业职业技术学院', 271),
	(1893, '陇南师范高等专科学校', 272),
	(1894, '平凉医学高等专科学校', 273),
	(1895, '陇东学院', 274),
	(1896, '天水师范学院', 275),
	(1897, '甘肃机电职业技术学院', 275),
	(1898, '甘肃林业职业技术学院', 275),
	(1899, '甘肃工业职业技术学院', 275),
	(1900, '武威职业学院', 276),
	(1901, '甘肃畜牧工程职业技术学院', 276),
	(1902, '河西学院', 277),
	(1903, '张掖医学高等专科学校', 277),
	(1904, '青海大学', 278),
	(1905, '青海师范大学', 278),
	(1906, '青海民族大学', 278),
	(1907, '青海卫生职业技术学院', 278),
	(1908, '青海警官职业学院', 278),
	(1909, '青海畜牧兽医职业技术学院', 278),
	(1910, '青海交通职业技术学院', 278),
	(1911, '青海建筑职业技术学院', 278),
	(1912, '西藏大学', 279),
	(1913, '西藏藏医学院', 279),
	(1914, '西藏警官高等专科学校', 279),
	(1915, '拉萨师范高等专科学校', 279),
	(1916, '西藏职业技术学院', 279),
	(1917, '西藏民族学院', 280),
	(1918, '阿克苏职业技术学院', 281),
	(1919, '塔里木大学', 282),
	(1920, '昌吉学院', 283),
	(1921, '新疆农业职业技术学院', 283),
	(1922, '昌吉职业技术学院', 283),
	(1923, '和田师范专科学校', 284),
	(1924, '新疆维吾尔医学专科学校', 284),
	(1925, '喀什师范学院', 285),
	(1926, '克拉玛依职业技术学院', 286),
	(1927, '巴音郭楞职业技术学院', 287),
	(1928, '新疆应用职业技术学院', 288),
	(1929, '石河子大学', 289),
	(1930, '新疆石河子职业技术学院', 289),
	(1931, '新疆大学', 290),
	(1932, '新疆农业大学', 290),
	(1933, '新疆医科大学', 290),
	(1934, '新疆师范大学', 290),
	(1935, '新疆财经大学', 290),
	(1936, '新疆艺术学院', 290),
	(1937, '新疆工程学院', 290),
	(1938, '新疆警察学院', 290),
	(1939, '新疆师范高等专科学校', 290),
	(1940, '新疆兵团警官高等专科学校', 290),
	(1941, '乌鲁木齐职业大学', 290),
	(1942, '新疆职业大学', 290),
	(1943, '新疆体育职业技术学院', 290),
	(1944, '新疆铁道职业技术学院', 290),
	(1945, '新疆机电职业技术学院', 290),
	(1946, '新疆轻工职业技术学院', 290),
	(1947, '新疆能源职业技术学院', 290),
	(1948, '新疆建设职业技术学院', 290),
	(1949, '新疆现代职业技术学院', 290),
	(1950, '新疆天山职业技术学院', 290),
	(1951, '新疆交通职业技术学院', 290),
	(1952, '伊犁师范学院', 291),
	(1953, '伊犁职业技术学院', 292),
	(1954, '安庆师范学院', 293),
	(1955, '安庆医药高等专科学校', 293),
	(1956, '桐城师范高等专科学校', 293),
	(1957, '安徽黄梅戏艺术职业学院', 293),
	(1958, '安庆职业技术学院', 293),
	(1959, '安徽财经大学', 294),
	(1960, '蚌埠医学院', 294),
	(1961, '蚌埠学院', 294),
	(1962, '蚌埠经济技术职业学院', 294),
	(1963, '安徽电子信息职业技术学院', 294),
	(1964, '亳州师范高等专科学校', 295),
	(1965, '亳州职业技术学院', 295),
	(1966, '池州学院', 296),
	(1967, '安徽人口职业学院', 296),
	(1968, '池州职业技术学院', 296),
	(1969, '滁州学院', 297),
	(1970, '安徽科技学院', 297),
	(1971, '滁州城市职业学院', 297),
	(1972, '滁州职业技术学院', 297),
	(1973, '阜阳师范学院', 298),
	(1974, '民办安徽旅游职业学院', 298),
	(1975, '阜阳职业技术学院', 298),
	(1976, '阜阳科技职业学院', 298),
	(1977, '合肥工业大学', 299),
	(1978, '中国科学技术大学', 299),
	(1979, '安徽大学', 299),
	(1980, '安徽农业大学', 299),
	(1981, '安徽医科大学', 299),
	(1982, '安徽中医药大学', 299),
	(1983, '安徽建筑大学', 299),
	(1984, '巢湖学院', 299),
	(1985, '安徽三联学院', 299),
	(1986, '合肥学院', 299),
	(1987, '安徽文达信息工程学院', 299),
	(1988, '安徽外国语学院', 299),
	(1989, '合肥师范学院', 299),
	(1990, '安徽新华学院', 299),
	(1991, '合肥幼儿师范高等专科学校', 299),
	(1992, '安徽医学高等专科学校', 299),
	(1993, '安徽职业技术学院', 299),
	(1994, '合肥职业技术学院', 299),
	(1995, '民办合肥滨湖职业技术学院', 299),
	(1996, '民办合肥财经职业学院', 299),
	(1997, '安徽涉外经济职业学院', 299),
	(1998, '安徽绿海商务职业学院', 299),
	(1999, '合肥共达职业技术学院', 299),
	(2000, '徽商职业学院', 299),
	(2001, '合肥信息技术职业学院', 299),
	(2002, '安徽汽车职业技术学院', 299),
	(2003, '安徽长江职业学院', 299),
	(2004, '安徽粮食工程职业学院', 299),
	(2005, '合肥科技职业学院', 299),
	(2006, '安徽水利水电职业技术学院', 299),
	(2007, '民办万博科技职业学院', 299),
	(2008, '安徽警官职业学院', 299),
	(2009, '安徽工业经济职业技术学院', 299),
	(2010, '合肥通用职业技术学院', 299),
	(2011, '民办合肥经济技术职业学院', 299),
	(2012, '安徽交通职业技术学院', 299),
	(2013, '安徽体育运动职业技术学院', 299),
	(2014, '安徽广播影视职业技术学院', 299),
	(2015, '安徽电气工程职业技术学院', 299),
	(2016, '安徽城市管理职业学院', 299),
	(2017, '安徽工商职业学院', 299),
	(2018, '安徽中澳科技职业学院', 299),
	(2019, '安徽艺术职业学院', 299),
	(2020, '安徽财贸职业学院', 299),
	(2021, '安徽国际商务职业学院', 299),
	(2022, '安徽公安职业学院', 299),
	(2023, '安徽林业职业技术学院', 299),
	(2024, '安徽审计职业学院', 299),
	(2025, '安徽新闻出版职业技术学院', 299),
	(2026, '安徽邮电职业技术学院', 299),
	(2027, '淮北师范大学', 300),
	(2028, '淮北职业技术学院', 300),
	(2029, '安徽矿业职业技术学院', 300),
	(2030, '安徽理工大学', 301),
	(2031, '淮南师范学院', 301),
	(2032, '淮南联合大学', 301),
	(2033, '淮南职业技术学院', 301),
	(2034, '安徽工贸职业技术学院', 301),
	(2035, '黄山学院', 302),
	(2036, '黄山职业技术学院', 302),
	(2037, '皖西学院', 303),
	(2038, '安徽现代信息工程职业学院', 303),
	(2039, '皖西卫生职业学院', 303),
	(2040, '六安职业技术学院', 303),
	(2041, '安徽国防科技职业学院', 303),
	(2042, '安徽工业大学', 304),
	(2043, '马鞍山师范高等专科学校', 304),
	(2044, '马鞍山职业技术学院', 304),
	(2045, '安徽冶金科技职业学院', 304),
	(2046, '铜陵学院', 305),
	(2047, '铜陵职业技术学院', 305),
	(2048, '安徽工业职业技术学院', 305),
	(2049, '安徽工程大学', 306),
	(2050, '安徽师范大学', 306),
	(2051, '皖南医学院', 306),
	(2052, '安徽中医药高等专科学校', 306),
	(2053, '芜湖职业技术学院', 306),
	(2054, '安徽扬子职业技术学院', 306),
	(2055, '安徽商贸职业技术学院', 306),
	(2056, '安徽机电职业技术学院', 306),
	(2057, '宿州学院', 307),
	(2058, '宿州职业技术学院', 307),
	(2059, '宣城职业技术学院', 308),
	(2060, '浙江大学', 309),
	(2061, '杭州电子科技大学', 309),
	(2062, '浙江工业大学', 309),
	(2063, '浙江理工大学', 309),
	(2064, '浙江农林大学', 309),
	(2065, '浙江中医药大学', 309),
	(2066, '杭州师范大学', 309),
	(2067, '浙江工商大学', 309),
	(2068, '浙江财经大学', 309),
	(2069, '中国美术学院', 309),
	(2070, '中国计量学院', 309),
	(2071, '浙江科技学院', 309),
	(2072, '浙江水利水电学院', 309),
	(2073, '浙江警察学院', 309),
	(2074, '浙江传媒学院', 309),
	(2075, '浙江树人学院', 309),
	(2076, '浙江外国语学院', 309),
	(2077, '浙江医学高等专科学校', 309),
	(2078, '浙江交通职业技术学院', 309),
	(2079, '浙江电力职业技术学院', 309),
	(2080, '浙江同济科技职业学院', 309),
	(2081, '杭州科技职业技术学院', 309),
	(2082, '浙江体育职业技术学院', 309),
	(2083, '浙江机电职业技术学院', 309),
	(2084, '浙江建设职业技术学院', 309),
	(2085, '浙江艺术职业学院', 309),
	(2086, '浙江经贸职业技术学院', 309),
	(2087, '浙江商业职业技术学院', 309),
	(2088, '浙江经济职业技术学院', 309),
	(2089, '浙江旅游职业学院', 309),
	(2090, '浙江育英职业技术学院', 309),
	(2091, '浙江警官职业学院', 309),
	(2092, '浙江金融职业学院', 309),
	(2093, '杭州职业技术学院', 309),
	(2094, '浙江长征职业技术学院', 309),
	(2095, '杭州万向职业技术学院', 309),
	(2096, '湖州师范学院', 310),
	(2097, '湖州职业技术学院', 310),
	(2098, '嘉兴学院', 311),
	(2099, '嘉兴职业技术学院', 311),
	(2100, '嘉兴南洋职业技术学院', 311),
	(2101, '浙江师范大学', 312),
	(2102, '金华职业技术学院', 312),
	(2103, '浙江横店影视职业学院', 312),
	(2104, '义乌工商职业技术学院', 312),
	(2105, '浙江广厦建设职业技术学院', 312),
	(2106, '丽水学院', 313),
	(2107, '丽水职业技术学院', 313),
	(2108, '宁波大学', 314),
	(2109, '宁波诺丁汉大学', 314),
	(2110, '公安海警学院', 314),
	(2111, '浙江万里学院', 314),
	(2112, '宁波工程学院', 314),
	(2113, '宁波大红鹰学院', 314),
	(2114, '浙江医药高等专科学校', 314),
	(2115, '宁波职业技术学院', 314),
	(2116, '宁波卫生职业技术学院', 314),
	(2117, '宁波城市职业技术学院', 314),
	(2118, '浙江工商职业技术学院', 314),
	(2119, '浙江纺织服装职业技术学院', 314),
	(2120, '衢州学院', 315),
	(2121, '衢州职业技术学院', 315),
	(2122, '绍兴文理学院', 316),
	(2123, '浙江越秀外国语学院', 316),
	(2124, '绍兴职业技术学院', 316),
	(2125, '浙江邮电职业技术学院', 316),
	(2126, '浙江农业商贸职业学院', 316),
	(2127, '浙江工业职业技术学院', 316),
	(2128, '台州学院', 317),
	(2129, '台州科技职业学院', 317),
	(2130, '浙江汽车职业技术学院', 317),
	(2131, '台州职业技术学院', 317),
	(2132, '温州医科大学', 318),
	(2133, '温州大学', 318),
	(2134, '温州职业技术学院', 318),
	(2135, '温州科技职业学院', 318),
	(2136, '浙江工贸职业技术学院', 318),
	(2137, '浙江东方职业技术学院', 318),
	(2138, '浙江海洋学院', 319),
	(2139, '浙江国际海运职业技术学院', 319),
	(2140, '福州大学', 320),
	(2141, '福建农林大学', 320),
	(2142, '福建医科大学', 320),
	(2143, '福建中医药大学', 320),
	(2144, '福建师范大学', 320),
	(2145, '福建工程学院', 320),
	(2146, '闽江学院', 320),
	(2147, '福建警察学院', 320),
	(2148, '福州外语外贸学院', 320),
	(2149, '福建江夏学院', 320),
	(2150, '福建商业高等专科学校', 320),
	(2151, '福建幼儿师范高等专科学校', 320),
	(2152, '闽江师范高等专科学校', 320),
	(2153, '福建船政交通职业学院', 320),
	(2154, '福建华南女子职业学院', 320),
	(2155, '福建卫生职业技术学院', 320),
	(2156, '福建生物工程职业技术学院', 320),
	(2157, '福建艺术职业学院', 320),
	(2158, '福建体育职业技术学院', 320),
	(2159, '福州职业技术学院', 320),
	(2160, '福建信息职业技术学院', 320),
	(2161, '福建农业职业技术学院', 320),
	(2162, '福州英华职业学院', 320),
	(2163, '福建警官职业学院', 320),
	(2164, '福州黎明职业技术学院', 320),
	(2165, '福州科技职业技术学院', 320),
	(2166, '福建对外经济贸易职业技术学院', 320),
	(2167, '福州海峡职业技术学院', 320),
	(2168, '福州软件职业技术学院', 320),
	(2169, '龙岩学院', 321),
	(2170, '闽西职业技术学院', 321),
	(2171, '武夷学院', 322),
	(2172, '武夷山职业学院', 322),
	(2173, '福建林业职业技术学院', 322),
	(2174, '闽北职业技术学院', 322),
	(2175, '宁德师范学院', 323),
	(2176, '宁德职业技术学院', 323),
	(2177, '莆田学院', 324),
	(2178, '湄洲湾职业技术学院', 324),
	(2179, '华侨大学', 325),
	(2180, '仰恩大学', 325),
	(2181, '泉州师范学院', 325),
	(2182, '闽南理工学院', 325),
	(2183, '泉州幼儿师范高等专科学校', 325),
	(2184, '泉州医学高等专科学校', 325),
	(2185, '黎明职业大学', 325),
	(2186, '德化陶瓷职业技术学院', 325),
	(2187, '泉州泰山航海职业学院', 325),
	(2188, '泉州轻工职业学院', 325),
	(2189, '福建电力职业技术学院', 325),
	(2190, '泉州纺织服装职业学院', 325),
	(2191, '泉州华光摄影艺术职业学院', 325),
	(2192, '泉州理工职业学院', 325),
	(2193, '泉州信息职业技术学院', 325),
	(2194, '泉州经贸职业技术学院', 325),
	(2195, '三明学院', 326),
	(2196, '福建水利电力职业技术学院', 326),
	(2197, '三明职业技术学院', 326),
	(2198, '厦门大学', 327),
	(2199, '集美大学', 327),
	(2200, '厦门理工学院', 327),
	(2201, '厦门医学高等专科学校', 327),
	(2202, '厦门城市职业学院', 327),
	(2203, '厦门软件职业技术学院', 327),
	(2204, '厦门南洋职业学院', 327),
	(2205, '厦门东海职业技术学院', 327),
	(2206, '厦门安防科技职业学院', 327),
	(2207, '厦门海洋职业技术学院', 327),
	(2208, '厦门华厦职业学院', 327),
	(2209, '厦门演艺职业学院', 327),
	(2210, '厦门华天涉外职业技术学院', 327),
	(2211, '厦门兴才职业技术学院', 327),
	(2212, '闽南师范大学', 328),
	(2213, '漳州职业技术学院', 328),
	(2214, '漳州城市职业学院', 328),
	(2215, '漳州科技职业学院', 328),
	(2216, '漳州理工职业学院', 328),
	(2217, '漳州卫生职业学院', 328);
/*!40000 ALTER TABLE `school_info` ENABLE KEYS */;


-- 导出  表 clubassembly.student 结构
CREATE TABLE IF NOT EXISTS `student` (
  `id` int(11) NOT NULL AUTO_INCREMENT,
  `qq` varchar(11) DEFAULT NULL,
  `activate` int(11) DEFAULT NULL,
  `image` varchar(100) DEFAULT NULL,
  `email` varchar(20) DEFAULT NULL,
  `major` varchar(20) DEFAULT NULL,
  `name` varchar(20) DEFAULT NULL,
  `password` varchar(50) DEFAULT NULL,
  `registerTime` datetime DEFAULT NULL,
  `salt` varchar(50) DEFAULT NULL,
  `sex` varchar(2) DEFAULT NULL,
  `telephone` varchar(11) DEFAULT NULL,
  `cityid` int(11) DEFAULT NULL,
  `provinceid` int(11) DEFAULT NULL,
  `schoolid` int(11) DEFAULT NULL,
  `number` varchar(20) DEFAULT NULL,
  `personcode` varchar(50) DEFAULT NULL,
  PRIMARY KEY (`id`),
  UNIQUE KEY `email` (`email`),
  KEY `FK8FFE823BD70833FA` (`schoolid`),
  KEY `FK8FFE823B366D72B2` (`provinceid`),
  KEY `FK8FFE823B79E3DFE8` (`cityid`),
  CONSTRAINT `FK8FFE823B366D72B2` FOREIGN KEY (`provinceid`) REFERENCES `province_info` (`pr_id`),
  CONSTRAINT `FK8FFE823B79E3DFE8` FOREIGN KEY (`cityid`) REFERENCES `city_info` (`ci_id`),
  CONSTRAINT `FK8FFE823BD70833FA` FOREIGN KEY (`schoolid`) REFERENCES `school_info` (`sh_id`)
) ENGINE=InnoDB AUTO_INCREMENT=9 DEFAULT CHARSET=utf8;

-- 正在导出表  clubassembly.student 的数据：~4 rows (大约)
/*!40000 ALTER TABLE `student` DISABLE KEYS */;
INSERT INTO `student` (`id`, `qq`, `activate`, `image`, `email`, `major`, `name`, `password`, `registerTime`, `salt`, `sex`, `telephone`, `cityid`, `provinceid`, `schoolid`, `number`, `personcode`) VALUES
	(1, '641041018', 1, 'clubassemblyResources/student/image/5b14b21b-f55d-4f97-9d3a-8b5a29e78b22.jpg', '641041018@qq.com', '计算机科学与技术', '陈志兵', '89c184f46d8d3a6752bd9e66460fd6f3', '2015-03-28 11:23:22', 'dd4f11744afead92b9aa1f6caaa5c940', '男', '18233158678', 87, 11, 811, '2011014344', 'My code is percision!'),
	(6, '3195903852', 1, 'clubassemblyResources/student/image/fb0f38ed-964d-4cf8-b9c1-90d70286a083.jpg', '3195903852@qq.com', '计算机科学与技术', '冯猛', '6eb9943c38897a36f1a6ee011839ec96', '2015-04-06 10:58:30', '867bcca363879b5da5106ac36fc4d0a3', '男', '18233695548', 87, 11, 811, '2011014345', '只要有梦想，成功一定会等着你！'),
	(7, '120197195', 1, 'clubassemblyResources/student/image/885fd466-af8d-4f91-b82a-b1394a64c543.jpg', '120197195@qq.com', '计算机科学与技术', '杜亚鹏', '2501f74b0c429301366a2f9025daef56', '2015-05-17 07:31:56', '2a05ec1d9fcf67c887744678222a43da', '男', '18233158699', 87, 11, 809, '2011014356', '勇于探索'),
	(8, '370365798', 1, 'clubassemblyResources/student/image/e5228017-9b08-486e-be5e-bf37c253b8bd.jpg', '370365798@qq.com', '法律', '兰燕尼', '40e5d4281dfbe6d6de3320eba6fcac91', '2015-05-17 09:08:25', 'a4159eba2137783969e89fbd6071147a', '女', '18233569984', 1, 1, 1, '20110123658', 'Doing What You Like Is Freedom!');
/*!40000 ALTER TABLE `student` ENABLE KEYS */;


-- 导出  表 clubassembly.studentmessages 结构
CREATE TABLE IF NOT EXISTS `studentmessages` (
  `id` int(11) NOT NULL AUTO_INCREMENT,
  `content` longtext,
  `releaseTime` datetime DEFAULT NULL,
  `student_id` int(11) DEFAULT NULL,
  PRIMARY KEY (`id`),
  KEY `FK82971887E21625C3` (`student_id`),
  CONSTRAINT `FK82971887E21625C3` FOREIGN KEY (`student_id`) REFERENCES `student` (`id`)
) ENGINE=InnoDB DEFAULT CHARSET=utf8;

-- 正在导出表  clubassembly.studentmessages 的数据：~0 rows (大约)
/*!40000 ALTER TABLE `studentmessages` DISABLE KEYS */;
/*!40000 ALTER TABLE `studentmessages` ENABLE KEYS */;


-- 导出  表 clubassembly.studentnews 结构
CREATE TABLE IF NOT EXISTS `studentnews` (
  `id` int(11) NOT NULL AUTO_INCREMENT,
  `content` varchar(140) DEFAULT NULL,
  `releaseTime` datetime DEFAULT NULL,
  `student_id` int(11) DEFAULT NULL,
  PRIMARY KEY (`id`),
  KEY `FK8C60778EE21625C3` (`student_id`),
  CONSTRAINT `FK8C60778EE21625C3` FOREIGN KEY (`student_id`) REFERENCES `student` (`id`)
) ENGINE=InnoDB AUTO_INCREMENT=10 DEFAULT CHARSET=utf8;

-- 正在导出表  clubassembly.studentnews 的数据：~9 rows (大约)
/*!40000 ALTER TABLE `studentnews` DISABLE KEYS */;
INSERT INTO `studentnews` (`id`, `content`, `releaseTime`, `student_id`) VALUES
	(1, '这是我发的第一条新鲜事。', '2015-04-12 13:55:22', 1),
	(2, '我又发了一条新鲜事。', '2015-04-12 14:01:40', 1),
	(3, ' 哈哈，把主页展示和管理合并了。', '2015-04-12 14:55:47', 1),
	(4, '主页展示和管理合并后，逻辑复杂了。', '2015-04-12 14:58:33', 1),
	(5, '又发了一个新鲜事。', '2015-04-12 17:04:15', 1),
	(6, '我也发一条说说吧。', '2015-04-12 17:34:49', 6),
	(7, '哈哈，冯猛给做了几张图。', '2015-05-03 22:01:47', 1),
	(8, '哈哈', '2015-05-09 21:31:21', 1),
	(9, '今天该我答辩了,加油.', '2015-05-17 07:09:29', 6);
/*!40000 ALTER TABLE `studentnews` ENABLE KEYS */;


-- 导出  表 clubassembly.studentphotos 结构
CREATE TABLE IF NOT EXISTS `studentphotos` (
  `id` int(11) NOT NULL AUTO_INCREMENT,
  `photolocation` varchar(150) DEFAULT NULL,
  `photoname` varchar(52) DEFAULT NULL,
  `photosname` varchar(20) DEFAULT NULL,
  `releaseTime` datetime DEFAULT NULL,
  `student_id` int(11) DEFAULT NULL,
  PRIMARY KEY (`id`),
  KEY `FKF9B1327CE21625C3` (`student_id`),
  CONSTRAINT `FKF9B1327CE21625C3` FOREIGN KEY (`student_id`) REFERENCES `student` (`id`)
) ENGINE=InnoDB DEFAULT CHARSET=utf8;

-- 正在导出表  clubassembly.studentphotos 的数据：~0 rows (大约)
/*!40000 ALTER TABLE `studentphotos` DISABLE KEYS */;
/*!40000 ALTER TABLE `studentphotos` ENABLE KEYS */;


-- 导出  表 clubassembly.studentwatch 结构
CREATE TABLE IF NOT EXISTS `studentwatch` (
  `id` int(11) NOT NULL AUTO_INCREMENT,
  `bewatched_student_id` int(11) DEFAULT NULL,
  `watch_student_id` int(11) DEFAULT NULL,
  PRIMARY KEY (`id`),
  KEY `FK2B6F74BF3BEF33` (`watch_student_id`),
  KEY `FK2B6F74B6710A77` (`bewatched_student_id`),
  CONSTRAINT `FK2B6F74B6710A77` FOREIGN KEY (`bewatched_student_id`) REFERENCES `student` (`id`),
  CONSTRAINT `FK2B6F74BF3BEF33` FOREIGN KEY (`watch_student_id`) REFERENCES `student` (`id`)
) ENGINE=InnoDB AUTO_INCREMENT=15 DEFAULT CHARSET=utf8;

-- 正在导出表  clubassembly.studentwatch 的数据：~5 rows (大约)
/*!40000 ALTER TABLE `studentwatch` DISABLE KEYS */;
INSERT INTO `studentwatch` (`id`, `bewatched_student_id`, `watch_student_id`) VALUES
	(10, 6, 1),
	(11, 1, 6),
	(12, 1, 7),
	(13, 7, 8),
	(14, 8, 1);
/*!40000 ALTER TABLE `studentwatch` ENABLE KEYS */;


-- 导出  表 clubassembly.student_organization 结构
CREATE TABLE IF NOT EXISTS `student_organization` (
  `id` int(11) NOT NULL AUTO_INCREMENT,
  `isCommander` tinyint(1) DEFAULT NULL,
  `status` int(11) DEFAULT NULL,
  `organization_id` int(11) DEFAULT NULL,
  `department_id` int(11) DEFAULT NULL,
  `position_id` int(11) DEFAULT NULL,
  `student_id` int(11) DEFAULT NULL,
  `agreeAdjust` tinyint(1) DEFAULT NULL,
  `applyReason` varchar(50) DEFAULT NULL,
  PRIMARY KEY (`id`),
  KEY `FK54268CB77FDA2891` (`organization_id`),
  KEY `FK54268CB7BC99AD04` (`department_id`),
  KEY `FK54268CB796BEE424` (`position_id`),
  KEY `FK54268CB7E21625C3` (`student_id`),
  CONSTRAINT `FK54268CB77FDA2891` FOREIGN KEY (`organization_id`) REFERENCES `organization` (`id`),
  CONSTRAINT `FK54268CB796BEE424` FOREIGN KEY (`position_id`) REFERENCES `position` (`id`),
  CONSTRAINT `FK54268CB7BC99AD04` FOREIGN KEY (`department_id`) REFERENCES `department` (`id`),
  CONSTRAINT `FK54268CB7E21625C3` FOREIGN KEY (`student_id`) REFERENCES `student` (`id`)
) ENGINE=InnoDB AUTO_INCREMENT=22 DEFAULT CHARSET=utf8;

-- 正在导出表  clubassembly.student_organization 的数据：~18 rows (大约)
/*!40000 ALTER TABLE `student_organization` DISABLE KEYS */;
INSERT INTO `student_organization` (`id`, `isCommander`, `status`, `organization_id`, `department_id`, `position_id`, `student_id`, `agreeAdjust`, `applyReason`) VALUES
	(2, 1, 1, 7, 9, 12, 1, 0, ''),
	(3, 1, 1, 8, 13, 17, 1, 0, ''),
	(4, 1, 1, 9, 18, 19, 1, 0, ''),
	(5, 1, 1, 10, 32, 30, 1, 0, ''),
	(6, 1, 1, 11, 27, 27, 1, 0, ''),
	(7, 1, 1, 12, 23, 26, 1, 0, ''),
	(8, 1, 1, 13, 6, 9, 6, 0, ''),
	(9, 1, 1, 14, 22, 23, 6, 0, ''),
	(10, 0, 1, 14, 22, 23, 1, 0, '热爱'),
	(13, 0, 1, 13, 8, 11, 1, 0, '热爱         '),
	(14, 0, 1, 12, 24, NULL, 6, 1, '喜好'),
	(15, 0, 0, 7, 11, NULL, 6, 1, '喜欢'),
	(16, 0, 0, 11, 27, NULL, 6, 1, '爱好'),
	(17, 1, 1, 15, NULL, NULL, 1, 0, ''),
	(18, 0, 0, 15, 33, NULL, 6, 1, '喜爱'),
	(19, 0, 1, 10, 31, 30, 6, 1, '喜欢 '),
	(20, 1, 1, 16, 37, 35, 7, 0, ''),
	(21, 1, 1, 17, NULL, NULL, 8, 0, '');
/*!40000 ALTER TABLE `student_organization` ENABLE KEYS */;


-- 导出  表 clubassembly.student_role 结构
CREATE TABLE IF NOT EXISTS `student_role` (
  `student_id` int(11) NOT NULL,
  `role_id` int(11) NOT NULL,
  PRIMARY KEY (`student_id`,`role_id`),
  KEY `FKFEE0E3FA1D0E64B1` (`role_id`),
  KEY `FKFEE0E3FAE21625C3` (`student_id`),
  CONSTRAINT `FKFEE0E3FA1D0E64B1` FOREIGN KEY (`role_id`) REFERENCES `role` (`id`),
  CONSTRAINT `FKFEE0E3FAE21625C3` FOREIGN KEY (`student_id`) REFERENCES `student` (`id`)
) ENGINE=InnoDB DEFAULT CHARSET=utf8;

-- 正在导出表  clubassembly.student_role 的数据：~4 rows (大约)
/*!40000 ALTER TABLE `student_role` DISABLE KEYS */;
INSERT INTO `student_role` (`student_id`, `role_id`) VALUES
	(1, 1),
	(6, 1),
	(7, 1),
	(8, 1);
/*!40000 ALTER TABLE `student_role` ENABLE KEYS */;
/*!40101 SET SQL_MODE=IFNULL(@OLD_SQL_MODE, '') */;
/*!40014 SET FOREIGN_KEY_CHECKS=IF(@OLD_FOREIGN_KEY_CHECKS IS NULL, 1, @OLD_FOREIGN_KEY_CHECKS) */;
/*!40101 SET CHARACTER_SET_CLIENT=@OLD_CHARACTER_SET_CLIENT */;
